year,crime_lvl1,crime_lvl2,crime_lvl3,group,detail,count
2023,합계,소계,소계,합계,소계,1360807
2023,형법범,소계,소계,합계,소계,799599
2023,형법범,재산범죄,소계,합계,소계,375192
2023,형법범,재산범죄,절도,합계,소계,101479
2023,형법범,재산범죄,장물,합계,소계,706
2023,형법범,재산범죄,사기,합계,소계,194162
2023,형법범,재산범죄,횡령,합계,소계,35325
2023,형법범,재산범죄,배임,합계,소계,7305
2023,형법범,재산범죄,손괴,합계,소계,36215
2023,형법범,강력범죄(흉악),소계,합계,소계,40268
2023,형법범,강력범죄(흉악),살인,합계,소계,835
2023,형법범,강력범죄(흉악),강도,합계,소계,958
2023,형법범,강력범죄(흉악),방화,합계,소계,1081
2023,형법범,강력범죄(흉악),성폭력,합계,소계,37394
2023,형법범,강력범죄(폭력),소계,합계,소계,232896
2023,형법범,강력범죄(폭력),폭행,합계,소계,158999
2023,형법범,강력범죄(폭력),상해,합계,소계,32817
2023,형법범,강력범죄(폭력),협박,합계,소계,24747
2023,형법범,강력범죄(폭력),공갈,합계,소계,8471
2023,형법범,강력범죄(폭력),약취와유인,합계,소계,434
2023,형법범,강력범죄(폭력),체포와감금,합계,소계,2033
2023,형법범,강력범죄(폭력),폭력행위등(손괴강요주거침입등),합계,소계,4766
2023,형법범,강력범죄(폭력),폭력행위등(단체등의구성?활동),합계,소계,629
2023,형법범,위조범죄,소계,합계,소계,14698
2023,형법범,위조범죄,통화,합계,소계,65
2023,형법범,위조범죄,유가증권·인지·우표,합계,소계,93
2023,형법범,위조범죄,문서,합계,소계,14018
2023,형법범,위조범죄,인장,합계,소계,522
2023,형법범,공무원범죄,소계,합계,소계,5150
2023,형법범,공무원범죄,직무유기,합계,소계,1755
2023,형법범,공무원범죄,직권남용,합계,소계,2453
2023,형법범,공무원범죄,수뢰,합계,소계,678
2023,형법범,공무원범죄,증뢰,합계,소계,264
2023,형법범,풍속범죄,소계,합계,소계,17026
2023,형법범,풍속범죄,도박과복표,합계,소계,14646
2023,형법범,풍속범죄,신앙,합계,소계,361
2023,형법범,풍속범죄,기타음란행위,합계,소계,2019
2023,형법범,과실범죄,소계,합계,소계,11213
2023,형법범,과실범죄,과실치사상,합계,소계,2796
2023,형법범,과실범죄,업무상과실치사상,합계,소계,6280
2023,형법범,과실범죄,실화,합계,소계,2137
2023,형법범,기타형법범죄,소계,합계,소계,103156
2023,형법범,기타형법범죄,명예,합계,소계,35918
2023,형법범,기타형법범죄,권리행사방해,합계,소계,6195
2023,형법범,기타형법범죄,신용업무경매,합계,소계,22637
2023,형법범,기타형법범죄,주거침입,합계,소계,14348
2023,형법범,기타형법범죄,비밀침해,합계,소계,119
2023,형법범,기타형법범죄,유기,합계,소계,366
2023,형법범,기타형법범죄,교통방해,합계,소계,1473
2023,형법범,기타형법범죄,공무방해,합계,소계,12198
2023,형법범,기타형법범죄,도주와범인은닉,합계,소계,612
2023,형법범,기타형법범죄,위증과증거인멸,합계,소계,2393
2023,형법범,기타형법범죄,무고,합계,소계,5850
2023,형법범,기타형법범죄,공안을해하는죄,합계,소계,984
2023,형법범,기타형법범죄,내란의죄,합계,소계,16
2023,형법범,기타형법범죄,음용수에관한죄,합계,소계,27
2023,형법범,기타형법범죄,일수와수리에관한죄,합계,소계,9
2023,형법범,기타형법범죄,기타,합계,소계,11
2023,특별법범,소계,소계,합계,소계,561208
2023,특별법범,가정폭력범죄의처벌등에관한특례법,소계,합계,소계,1242
2023,특별법범,가축분뇨의관리및이용에관한법률,소계,합계,소계,711
2023,특별법범,감염병의예방및관리에관한법률,소계,합계,소계,5239
2023,특별법범,개발제한구역의지정및관리에관한특별조치법,소계,합계,소계,391
2023,특별법범,개인정보보호법,소계,합계,소계,3159
2023,특별법범,건강기능식품에관한법률,소계,합계,소계,214
2023,특별법범,건설기계관리법,소계,합계,소계,311
2023,특별법범,건설산업기본법,소계,합계,소계,1555
2023,특별법범,건축법,소계,합계,소계,2351
2023,특별법범,게임산업진흥에관한법률,소계,합계,소계,4098
2023,특별법범,결혼중개업의관리에관한법률,소계,합계,소계,81
2023,특별법범,경범죄처벌법,소계,합계,소계,8318
2023,특별법범,고용보험법,소계,합계,소계,4648
2023,특별법범,공유수면관리및매립에관한법률,소계,합계,소계,186
2023,특별법범,공유재산및물품관리법,소계,합계,소계,87
2023,특별법범,공인중개사법,소계,합계,소계,3712
2023,특별법범,공중위생관리법,소계,합계,소계,1982
2023,특별법범,공직선거법,소계,합계,소계,159
2023,특별법범,관세법,소계,합계,소계,572
2023,특별법범,교통사고처리특례법,소계,합계,소계,71716
2023,특별법범,국가기술자격법,소계,합계,소계,108
2023,특별법범,국가보안법,소계,합계,소계,64
2023,특별법범,국민체육진흥법,소계,합계,소계,258
2023,특별법범,국토의계획및이용에관한법률,소계,합계,소계,1735
2023,특별법범,근로기준법,소계,합계,소계,22616
2023,특별법범,근로자퇴직급여보장법,소계,합계,소계,4156
2023,특별법범,낚시관리및육성법,소계,합계,소계,132
2023,특별법범,노동조합및노동관계조정법,소계,합계,소계,568
2023,특별법범,농수산물유통및가격안정에관한법률,소계,합계,소계,151
2023,특별법범,농수산물의원산지표시등에관한법률,소계,합계,소계,2160
2023,특별법범,농지법,소계,합계,소계,1091
2023,특별법범,대기환경보전법,소계,합계,소계,2586
2023,특별법범,대부업등의등록및금융이용자보호에관한법률,소계,합계,소계,1353
2023,특별법범,도로교통법,소계,합계,소계,9879
2023,특별법범,도로교통법(무면허운전),소계,합계,소계,21136
2023,특별법범,도로교통법(사고후미조치),소계,합계,소계,6026
2023,특별법범,도로교통법(음주운전),소계,합계,소계,101736
2023,특별법범,도로교통법(음주측정거부),소계,합계,소계,3498
2023,특별법범,도로법,소계,합계,소계,7780
2023,특별법범,도시및주거환경정비법,소계,합계,소계,921
2023,특별법범,독점규제및공정거래에관한법률,소계,합계,소계,30
2023,특별법범,디자인보호법,소계,합계,소계,125
2023,특별법범,마약류관리에관한법률(대마),소계,합계,소계,2382
2023,특별법범,마약류관리에관한법률(마약),소계,합계,소계,3821
2023,특별법범,마약류관리에관한법률(향정),소계,합계,소계,13433
2023,특별법범,물환경보전법,소계,합계,소계,626
2023,특별법범,배타적경제수역에서의외국인어업등에관한주권적권리의행사에관한법률,소계,합계,소계,75
2023,특별법범,범죄수익은닉의규제및처벌등에관한법률,소계,합계,소계,890
2023,특별법범,변호사법,소계,합계,소계,427
2023,특별법범,병역법,소계,합계,소계,4866
2023,특별법범,보조금관리에관한법률,소계,합계,소계,1749
2023,특별법범,부동산실권리자명의등기에관한법률,소계,합계,소계,902
2023,특별법범,부정경쟁방지및영업비밀보호에관한법률,소계,합계,소계,866
2023,특별법범,부정수표단속법,소계,합계,소계,457
2023,특별법범,사행행위등규제및처벌특례법,소계,합계,소계,131
2023,특별법범,산림자원의조성및관리에관한법률,소계,합계,소계,618
2023,특별법범,산업안전보건법,소계,합계,소계,3581
2023,특별법범,산지관리법,소계,합계,소계,1855
2023,특별법범,상표법,소계,합계,소계,2975
2023,특별법범,석유및석유대체연료사업법,소계,합계,소계,376
2023,특별법범,선박안전법,소계,합계,소계,177
2023,특별법범,선박직원법,소계,합계,소계,190
2023,특별법범,성매매알선등행위의처벌에관한법률,소계,합계,소계,7086
2023,특별법범,수도법,소계,합계,소계,121
2023,특별법범,수산업법,소계,합계,소계,698
2023,특별법범,수산자원관리법,소계,합계,소계,641
2023,특별법범,스토킹범죄의처벌등에관한법률,소계,합계,소계,11501
2023,특별법범,식품위생법,소계,합계,소계,7077
2023,특별법범,신용정보의이용및보호에관한법률,소계,합계,소계,34
2023,특별법범,아동?청소년의성보호에관한법률(성매수등),소계,합계,소계,790
2023,특별법범,아동·청소년의성보호에관한법률(성착취물등),소계,합계,소계,1734
2023,특별법범,아동복지법,소계,합계,소계,15317
2023,특별법범,액화석유가스의안전관리및사업법,소계,합계,소계,117
2023,특별법범,약사법,소계,합계,소계,1196
2023,특별법범,여객자동차운수사업법,소계,합계,소계,740
2023,특별법범,여신전문금융업법,소계,합계,소계,1246
2023,특별법범,영유아보육법,소계,합계,소계,151
2023,특별법범,예비군법,소계,합계,소계,2514
2023,특별법범,옥외광고물등의관리와옥외광고산업진흥에관한법률,소계,합계,소계,149
2023,특별법범,외국환거래법,소계,합계,소계,586
2023,특별법범,위험물안전관리법,소계,합계,소계,537
2023,특별법범,유사수신행위의규제에관한법률,소계,합계,소계,1913
2023,특별법범,의료기기법,소계,합계,소계,234
2023,특별법범,의료법,소계,합계,소계,3736
2023,특별법범,자동차관리법,소계,합계,소계,23057
2023,특별법범,자동차손해배상보장법,소계,합계,소계,14027
2023,특별법범,자본시장과금융투자업에관한법률,소계,합계,소계,929
2023,특별법범,저작권법,소계,합계,소계,14984
2023,특별법범,전자금융거래법,소계,합계,소계,11638
2023,특별법범,전파법,소계,합계,소계,364
2023,특별법범,정보통신망이용촉진및정보보호등에관한법률,소계,합계,소계,14851
2023,특별법범,조세범처벌법,소계,합계,소계,3390
2023,특별법범,주민등록법,소계,합계,소계,2273
2023,특별법범,주차장법,소계,합계,소계,109
2023,특별법범,주택법,소계,합계,소계,787
2023,특별법범,중대재해처벌등에관한법률,소계,합계,소계,69
2023,특별법범,직업안정법,소계,합계,소계,308
2023,특별법범,집회및시위에관한법률,소계,합계,소계,615
2023,특별법범,청소년보호법,소계,합계,소계,8534
2023,특별법범,총포?도검?화약류등의안전관리에관한법률,소계,합계,소계,507
2023,특별법범,최저임금법,소계,합계,소계,253
2023,특별법범,축산물위생관리법,소계,합계,소계,386
2023,특별법범,출입국관리법,소계,합계,소계,2231
2023,특별법범,통신비밀보호법,소계,합계,소계,350
2023,특별법범,특가법(도주차량),소계,합계,소계,7864
2023,특별법범,특허법,소계,합계,소계,208
2023,특별법범,폐기물관리법,소계,합계,소계,2257
2023,특별법범,풍속영업의규제에관한법률,소계,합계,소계,128
2023,특별법범,하천법,소계,합계,소계,135
2023,특별법범,학원의설립운영및과외교습에관한법률,소계,합계,소계,255
2023,특별법범,화물자동차운수사업법,소계,합계,소계,1534
2023,특별법범,화재로인한재해보상과보험가입에관한법률,소계,합계,소계,8
2023,특별법범,화재의예방및안전에관한법률/소방시설설치및관리에관한법률,소계,합계,소계,857
2023,특별법범,화학물질관리법,소계,합계,소계,514
2023,특별법범,기타특별법,소계,합계,소계,50430
2023,합계,소계,소계,전과없음,소계,346651
2023,형법범,소계,소계,전과없음,소계,185882
2023,형법범,재산범죄,소계,전과없음,소계,87971
2023,형법범,재산범죄,절도,전과없음,소계,37979
2023,형법범,재산범죄,장물,전과없음,소계,248
2023,형법범,재산범죄,사기,전과없음,소계,30553
2023,형법범,재산범죄,횡령,전과없음,소계,9314
2023,형법범,재산범죄,배임,전과없음,소계,735
2023,형법범,재산범죄,손괴,전과없음,소계,9142
2023,형법범,강력범죄(흉악),소계,전과없음,소계,14871
2023,형법범,강력범죄(흉악),살인,전과없음,소계,209
2023,형법범,강력범죄(흉악),강도,전과없음,소계,262
2023,형법범,강력범죄(흉악),방화,전과없음,소계,285
2023,형법범,강력범죄(흉악),성폭력,전과없음,소계,14115
2023,형법범,강력범죄(폭력),소계,전과없음,소계,53590
2023,형법범,강력범죄(폭력),폭행,전과없음,소계,34273
2023,형법범,강력범죄(폭력),상해,전과없음,소계,9227
2023,형법범,강력범죄(폭력),협박,전과없음,소계,5336
2023,형법범,강력범죄(폭력),공갈,전과없음,소계,2327
2023,형법범,강력범죄(폭력),약취와유인,전과없음,소계,96
2023,형법범,강력범죄(폭력),체포와감금,전과없음,소계,405
2023,형법범,강력범죄(폭력),폭력행위등(손괴강요주거침입등),전과없음,소계,1809
2023,형법범,강력범죄(폭력),폭력행위등(단체등의구성?활동),전과없음,소계,117
2023,형법범,위조범죄,소계,전과없음,소계,3514
2023,형법범,위조범죄,통화,전과없음,소계,10
2023,형법범,위조범죄,유가증권·인지·우표,전과없음,소계,4
2023,형법범,위조범죄,문서,전과없음,소계,3372
2023,형법범,위조범죄,인장,전과없음,소계,128
2023,형법범,공무원범죄,소계,전과없음,소계,390
2023,형법범,공무원범죄,직무유기,전과없음,소계,86
2023,형법범,공무원범죄,직권남용,전과없음,소계,131
2023,형법범,공무원범죄,수뢰,전과없음,소계,143
2023,형법범,공무원범죄,증뢰,전과없음,소계,30
2023,형법범,풍속범죄,소계,전과없음,소계,4712
2023,형법범,풍속범죄,도박과복표,전과없음,소계,3885
2023,형법범,풍속범죄,신앙,전과없음,소계,51
2023,형법범,풍속범죄,기타음란행위,전과없음,소계,776
2023,형법범,과실범죄,소계,전과없음,소계,3452
2023,형법범,과실범죄,과실치사상,전과없음,소계,833
2023,형법범,과실범죄,업무상과실치사상,전과없음,소계,1719
2023,형법범,과실범죄,실화,전과없음,소계,900
2023,형법범,기타형법범죄,소계,전과없음,소계,17382
2023,형법범,기타형법범죄,명예,전과없음,소계,6086
2023,형법범,기타형법범죄,권리행사방해,전과없음,소계,631
2023,형법범,기타형법범죄,신용업무경매,전과없음,소계,3211
2023,형법범,기타형법범죄,주거침입,전과없음,소계,3667
2023,형법범,기타형법범죄,비밀침해,전과없음,소계,22
2023,형법범,기타형법범죄,유기,전과없음,소계,147
2023,형법범,기타형법범죄,교통방해,전과없음,소계,258
2023,형법범,기타형법범죄,공무방해,전과없음,소계,2371
2023,형법범,기타형법범죄,도주와범인은닉,전과없음,소계,169
2023,형법범,기타형법범죄,위증과증거인멸,전과없음,소계,122
2023,형법범,기타형법범죄,무고,전과없음,소계,455
2023,형법범,기타형법범죄,공안을해하는죄,전과없음,소계,242
2023,형법범,기타형법범죄,음용수에관한죄,전과없음,소계,1
2023,특별법범,소계,소계,전과없음,소계,160769
2023,특별법범,가정폭력범죄의처벌등에관한특례법,소계,전과없음,소계,198
2023,특별법범,가축분뇨의관리및이용에관한법률,소계,전과없음,소계,112
2023,특별법범,감염병의예방및관리에관한법률,소계,전과없음,소계,2319
2023,특별법범,개발제한구역의지정및관리에관한특별조치법,소계,전과없음,소계,75
2023,특별법범,개인정보보호법,소계,전과없음,소계,724
2023,특별법범,건강기능식품에관한법률,소계,전과없음,소계,95
2023,특별법범,건설기계관리법,소계,전과없음,소계,58
2023,특별법범,건설산업기본법,소계,전과없음,소계,266
2023,특별법범,건축법,소계,전과없음,소계,713
2023,특별법범,게임산업진흥에관한법률,소계,전과없음,소계,1060
2023,특별법범,결혼중개업의관리에관한법률,소계,전과없음,소계,10
2023,특별법범,경범죄처벌법,소계,전과없음,소계,1366
2023,특별법범,고용보험법,소계,전과없음,소계,681
2023,특별법범,공유수면관리및매립에관한법률,소계,전과없음,소계,34
2023,특별법범,공유재산및물품관리법,소계,전과없음,소계,13
2023,특별법범,공인중개사법,소계,전과없음,소계,1314
2023,특별법범,공중위생관리법,소계,전과없음,소계,822
2023,특별법범,공직선거법,소계,전과없음,소계,20
2023,특별법범,관세법,소계,전과없음,소계,38
2023,특별법범,교통사고처리특례법,소계,전과없음,소계,26173
2023,특별법범,국가기술자격법,소계,전과없음,소계,40
2023,특별법범,국가보안법,소계,전과없음,소계,9
2023,특별법범,국민체육진흥법,소계,전과없음,소계,79
2023,특별법범,국토의계획및이용에관한법률,소계,전과없음,소계,349
2023,특별법범,근로기준법,소계,전과없음,소계,874
2023,특별법범,근로자퇴직급여보장법,소계,전과없음,소계,189
2023,특별법범,낚시관리및육성법,소계,전과없음,소계,25
2023,특별법범,노동조합및노동관계조정법,소계,전과없음,소계,33
2023,특별법범,농수산물유통및가격안정에관한법률,소계,전과없음,소계,53
2023,특별법범,농수산물의원산지표시등에관한법률,소계,전과없음,소계,303
2023,특별법범,농지법,소계,전과없음,소계,205
2023,특별법범,대기환경보전법,소계,전과없음,소계,358
2023,특별법범,대부업등의등록및금융이용자보호에관한법률,소계,전과없음,소계,283
2023,특별법범,도로교통법,소계,전과없음,소계,3055
2023,특별법범,도로교통법(무면허운전),소계,전과없음,소계,5626
2023,특별법범,도로교통법(사고후미조치),소계,전과없음,소계,1609
2023,특별법범,도로교통법(음주운전),소계,전과없음,소계,35606
2023,특별법범,도로교통법(음주측정거부),소계,전과없음,소계,620
2023,특별법범,도로법,소계,전과없음,소계,1153
2023,특별법범,도시및주거환경정비법,소계,전과없음,소계,154
2023,특별법범,독점규제및공정거래에관한법률,소계,전과없음,소계,5
2023,특별법범,디자인보호법,소계,전과없음,소계,16
2023,특별법범,마약류관리에관한법률(대마),소계,전과없음,소계,894
2023,특별법범,마약류관리에관한법률(마약),소계,전과없음,소계,2359
2023,특별법범,마약류관리에관한법률(향정),소계,전과없음,소계,4574
2023,특별법범,물환경보전법,소계,전과없음,소계,116
2023,특별법범,배타적경제수역에서의외국인어업등에관한주권적권리의행사에관한법률,소계,전과없음,소계,46
2023,특별법범,범죄수익은닉의규제및처벌등에관한법률,소계,전과없음,소계,58
2023,특별법범,변호사법,소계,전과없음,소계,49
2023,특별법범,병역법,소계,전과없음,소계,2908
2023,특별법범,보조금관리에관한법률,소계,전과없음,소계,876
2023,특별법범,부동산실권리자명의등기에관한법률,소계,전과없음,소계,195
2023,특별법범,부정경쟁방지및영업비밀보호에관한법률,소계,전과없음,소계,198
2023,특별법범,부정수표단속법,소계,전과없음,소계,52
2023,특별법범,사행행위등규제및처벌특례법,소계,전과없음,소계,23
2023,특별법범,산림자원의조성및관리에관한법률,소계,전과없음,소계,83
2023,특별법범,산업안전보건법,소계,전과없음,소계,202
2023,특별법범,산지관리법,소계,전과없음,소계,285
2023,특별법범,상표법,소계,전과없음,소계,866
2023,특별법범,석유및석유대체연료사업법,소계,전과없음,소계,48
2023,특별법범,선박안전법,소계,전과없음,소계,15
2023,특별법범,선박직원법,소계,전과없음,소계,41
2023,특별법범,성매매알선등행위의처벌에관한법률,소계,전과없음,소계,2860
2023,특별법범,수도법,소계,전과없음,소계,26
2023,특별법범,수산업법,소계,전과없음,소계,28
2023,특별법범,수산자원관리법,소계,전과없음,소계,81
2023,특별법범,스토킹범죄의처벌등에관한법률,소계,전과없음,소계,2949
2023,특별법범,식품위생법,소계,전과없음,소계,1869
2023,특별법범,신용정보의이용및보호에관한법률,소계,전과없음,소계,2
2023,특별법범,아동?청소년의성보호에관한법률(성매수등),소계,전과없음,소계,347
2023,특별법범,아동·청소년의성보호에관한법률(성착취물등),소계,전과없음,소계,1248
2023,특별법범,아동복지법,소계,전과없음,소계,6138
2023,특별법범,액화석유가스의안전관리및사업법,소계,전과없음,소계,23
2023,특별법범,약사법,소계,전과없음,소계,305
2023,특별법범,여객자동차운수사업법,소계,전과없음,소계,184
2023,특별법범,여신전문금융업법,소계,전과없음,소계,366
2023,특별법범,영유아보육법,소계,전과없음,소계,90
2023,특별법범,예비군법,소계,전과없음,소계,904
2023,특별법범,옥외광고물등의관리와옥외광고산업진흥에관한법률,소계,전과없음,소계,36
2023,특별법범,외국환거래법,소계,전과없음,소계,191
2023,특별법범,위험물안전관리법,소계,전과없음,소계,49
2023,특별법범,유사수신행위의규제에관한법률,소계,전과없음,소계,356
2023,특별법범,의료기기법,소계,전과없음,소계,86
2023,특별법범,의료법,소계,전과없음,소계,1287
2023,특별법범,자동차관리법,소계,전과없음,소계,5902
2023,특별법범,자동차손해배상보장법,소계,전과없음,소계,1427
2023,특별법범,자본시장과금융투자업에관한법률,소계,전과없음,소계,143
2023,특별법범,저작권법,소계,전과없음,소계,3050
2023,특별법범,전자금융거래법,소계,전과없음,소계,4102
2023,특별법범,전파법,소계,전과없음,소계,22
2023,특별법범,정보통신망이용촉진및정보보호등에관한법률,소계,전과없음,소계,3091
2023,특별법범,조세범처벌법,소계,전과없음,소계,352
2023,특별법범,주민등록법,소계,전과없음,소계,1164
2023,특별법범,주차장법,소계,전과없음,소계,25
2023,특별법범,주택법,소계,전과없음,소계,243
2023,특별법범,중대재해처벌등에관한법률,소계,전과없음,소계,5
2023,특별법범,직업안정법,소계,전과없음,소계,50
2023,특별법범,집회및시위에관한법률,소계,전과없음,소계,117
2023,특별법범,청소년보호법,소계,전과없음,소계,3993
2023,특별법범,총포?도검?화약류등의안전관리에관한법률,소계,전과없음,소계,193
2023,특별법범,최저임금법,소계,전과없음,소계,9
2023,특별법범,축산물위생관리법,소계,전과없음,소계,99
2023,특별법범,출입국관리법,소계,전과없음,소계,939
2023,특별법범,통신비밀보호법,소계,전과없음,소계,100
2023,특별법범,특가법(도주차량),소계,전과없음,소계,1692
2023,특별법범,특허법,소계,전과없음,소계,18
2023,특별법범,폐기물관리법,소계,전과없음,소계,275
2023,특별법범,풍속영업의규제에관한법률,소계,전과없음,소계,27
2023,특별법범,하천법,소계,전과없음,소계,23
2023,특별법범,학원의설립운영및과외교습에관한법률,소계,전과없음,소계,180
2023,특별법범,화물자동차운수사업법,소계,전과없음,소계,451
2023,특별법범,화재로인한재해보상과보험가입에관한법률,소계,전과없음,소계,1
2023,특별법범,화재의예방및안전에관한법률/소방시설설치및관리에관한법률,소계,전과없음,소계,71
2023,특별법범,화학물질관리법,소계,전과없음,소계,58
2023,특별법범,기타특별법,소계,전과없음,소계,12899
2023,합계,소계,소계,전과,소계,606895
2023,형법범,소계,소계,전과,소계,351187
2023,형법범,재산범죄,소계,전과,소계,168540
2023,형법범,재산범죄,절도,전과,소계,52961
2023,형법범,재산범죄,장물,전과,소계,320
2023,형법범,재산범죄,사기,전과,소계,80763
2023,형법범,재산범죄,횡령,전과,소계,13193
2023,형법범,재산범죄,배임,전과,소계,1178
2023,형법범,재산범죄,손괴,전과,소계,20125
2023,형법범,강력범죄(흉악),소계,전과,소계,14399
2023,형법범,강력범죄(흉악),살인,전과,소계,427
2023,형법범,강력범죄(흉악),강도,전과,소계,493
2023,형법범,강력범죄(흉악),방화,전과,소계,682
2023,형법범,강력범죄(흉악),성폭력,전과,소계,12797
2023,형법범,강력범죄(폭력),소계,전과,소계,109837
2023,형법범,강력범죄(폭력),폭행,전과,소계,69740
2023,형법범,강력범죄(폭력),상해,전과,소계,20311
2023,형법범,강력범죄(폭력),협박,전과,소계,12083
2023,형법범,강력범죄(폭력),공갈,전과,소계,4453
2023,형법범,강력범죄(폭력),약취와유인,전과,소계,147
2023,형법범,강력범죄(폭력),체포와감금,전과,소계,762
2023,형법범,강력범죄(폭력),폭력행위등(손괴강요주거침입등),전과,소계,1931
2023,형법범,강력범죄(폭력),폭력행위등(단체등의구성?활동),전과,소계,410
2023,형법범,위조범죄,소계,전과,소계,3929
2023,형법범,위조범죄,통화,전과,소계,11
2023,형법범,위조범죄,유가증권·인지·우표,전과,소계,23
2023,형법범,위조범죄,문서,전과,소계,3687
2023,형법범,위조범죄,인장,전과,소계,208
2023,형법범,공무원범죄,소계,전과,소계,244
2023,형법범,공무원범죄,직무유기,전과,소계,10
2023,형법범,공무원범죄,직권남용,전과,소계,20
2023,형법범,공무원범죄,수뢰,전과,소계,158
2023,형법범,공무원범죄,증뢰,전과,소계,56
2023,형법범,풍속범죄,소계,전과,소계,10364
2023,형법범,풍속범죄,도박과복표,전과,소계,9270
2023,형법범,풍속범죄,신앙,전과,소계,91
2023,형법범,풍속범죄,기타음란행위,전과,소계,1003
2023,형법범,과실범죄,소계,전과,소계,4465
2023,형법범,과실범죄,과실치사상,전과,소계,897
2023,형법범,과실범죄,업무상과실치사상,전과,소계,2537
2023,형법범,과실범죄,실화,전과,소계,1031
2023,형법범,기타형법범죄,소계,전과,소계,39409
2023,형법범,기타형법범죄,명예,전과,소계,8308
2023,형법범,기타형법범죄,권리행사방해,전과,소계,1560
2023,형법범,기타형법범죄,신용업무경매,전과,소계,11684
2023,형법범,기타형법범죄,주거침입,전과,소계,6594
2023,형법범,기타형법범죄,비밀침해,전과,소계,14
2023,형법범,기타형법범죄,유기,전과,소계,55
2023,형법범,기타형법범죄,교통방해,전과,소계,630
2023,형법범,기타형법범죄,공무방해,전과,소계,8719
2023,형법범,기타형법범죄,도주와범인은닉,전과,소계,272
2023,형법범,기타형법범죄,위증과증거인멸,전과,소계,268
2023,형법범,기타형법범죄,무고,전과,소계,778
2023,형법범,기타형법범죄,공안을해하는죄,전과,소계,513
2023,형법범,기타형법범죄,음용수에관한죄,전과,소계,12
2023,형법범,기타형법범죄,일수와수리에관한죄,전과,소계,1
2023,형법범,기타형법범죄,기타,전과,소계,1
2023,특별법범,소계,소계,전과,소계,255708
2023,특별법범,가정폭력범죄의처벌등에관한특례법,소계,전과,소계,881
2023,특별법범,가축분뇨의관리및이용에관한법률,소계,전과,소계,380
2023,특별법범,감염병의예방및관리에관한법률,소계,전과,소계,2049
2023,특별법범,개발제한구역의지정및관리에관한특별조치법,소계,전과,소계,203
2023,특별법범,개인정보보호법,소계,전과,소계,547
2023,특별법범,건강기능식품에관한법률,소계,전과,소계,47
2023,특별법범,건설기계관리법,소계,전과,소계,201
2023,특별법범,건설산업기본법,소계,전과,소계,824
2023,특별법범,건축법,소계,전과,소계,1110
2023,특별법범,게임산업진흥에관한법률,소계,전과,소계,2422
2023,특별법범,결혼중개업의관리에관한법률,소계,전과,소계,29
2023,특별법범,경범죄처벌법,소계,전과,소계,5591
2023,특별법범,고용보험법,소계,전과,소계,505
2023,특별법범,공유수면관리및매립에관한법률,소계,전과,소계,129
2023,특별법범,공유재산및물품관리법,소계,전과,소계,58
2023,특별법범,공인중개사법,소계,전과,소계,1441
2023,특별법범,공중위생관리법,소계,전과,소계,663
2023,특별법범,공직선거법,소계,전과,소계,35
2023,특별법범,관세법,소계,전과,소계,27
2023,특별법범,교통사고처리특례법,소계,전과,소계,29810
2023,특별법범,국가기술자격법,소계,전과,소계,38
2023,특별법범,국가보안법,소계,전과,소계,30
2023,특별법범,국민체육진흥법,소계,전과,소계,149
2023,특별법범,국토의계획및이용에관한법률,소계,전과,소계,945
2023,특별법범,근로기준법,소계,전과,소계,3583
2023,특별법범,근로자퇴직급여보장법,소계,전과,소계,649
2023,특별법범,낚시관리및육성법,소계,전과,소계,97
2023,특별법범,노동조합및노동관계조정법,소계,전과,소계,49
2023,특별법범,농수산물유통및가격안정에관한법률,소계,전과,소계,78
2023,특별법범,농수산물의원산지표시등에관한법률,소계,전과,소계,374
2023,특별법범,농지법,소계,전과,소계,413
2023,특별법범,대기환경보전법,소계,전과,소계,1077
2023,특별법범,대부업등의등록및금융이용자보호에관한법률,소계,전과,소계,736
2023,특별법범,도로교통법,소계,전과,소계,5373
2023,특별법범,도로교통법(무면허운전),소계,전과,소계,14899
2023,특별법범,도로교통법(사고후미조치),소계,전과,소계,2949
2023,특별법범,도로교통법(음주운전),소계,전과,소계,64417
2023,특별법범,도로교통법(음주측정거부),소계,전과,소계,2780
2023,특별법범,도로법,소계,전과,소계,4643
2023,특별법범,도시및주거환경정비법,소계,전과,소계,191
2023,특별법범,독점규제및공정거래에관한법률,소계,전과,소계,3
2023,특별법범,디자인보호법,소계,전과,소계,18
2023,특별법범,마약류관리에관한법률(대마),소계,전과,소계,1003
2023,특별법범,마약류관리에관한법률(마약),소계,전과,소계,1106
2023,특별법범,마약류관리에관한법률(향정),소계,전과,소계,6861
2023,특별법범,물환경보전법,소계,전과,소계,217
2023,특별법범,배타적경제수역에서의외국인어업등에관한주권적권리의행사에관한법률,소계,전과,소계,9
2023,특별법범,범죄수익은닉의규제및처벌등에관한법률,소계,전과,소계,109
2023,특별법범,변호사법,소계,전과,소계,153
2023,특별법범,병역법,소계,전과,소계,1606
2023,특별법범,보조금관리에관한법률,소계,전과,소계,666
2023,특별법범,부동산실권리자명의등기에관한법률,소계,전과,소계,313
2023,특별법범,부정경쟁방지및영업비밀보호에관한법률,소계,전과,소계,142
2023,특별법범,부정수표단속법,소계,전과,소계,150
2023,특별법범,사행행위등규제및처벌특례법,소계,전과,소계,93
2023,특별법범,산림자원의조성및관리에관한법률,소계,전과,소계,259
2023,특별법범,산업안전보건법,소계,전과,소계,582
2023,특별법범,산지관리법,소계,전과,소계,772
2023,특별법범,상표법,소계,전과,소계,900
2023,특별법범,석유및석유대체연료사업법,소계,전과,소계,192
2023,특별법범,선박안전법,소계,전과,소계,150
2023,특별법범,선박직원법,소계,전과,소계,127
2023,특별법범,성매매알선등행위의처벌에관한법률,소계,전과,소계,3166
2023,특별법범,수도법,소계,전과,소계,57
2023,특별법범,수산업법,소계,전과,소계,441
2023,특별법범,수산자원관리법,소계,전과,소계,340
2023,특별법범,스토킹범죄의처벌등에관한법률,소계,전과,소계,5688
2023,특별법범,식품위생법,소계,전과,소계,3370
2023,특별법범,신용정보의이용및보호에관한법률,소계,전과,소계,13
2023,특별법범,아동?청소년의성보호에관한법률(성매수등),소계,전과,소계,364
2023,특별법범,아동·청소년의성보호에관한법률(성착취물등),소계,전과,소계,301
2023,특별법범,아동복지법,소계,전과,소계,6278
2023,특별법범,액화석유가스의안전관리및사업법,소계,전과,소계,69
2023,특별법범,약사법,소계,전과,소계,380
2023,특별법범,여객자동차운수사업법,소계,전과,소계,445
2023,특별법범,여신전문금융업법,소계,전과,소계,529
2023,특별법범,영유아보육법,소계,전과,소계,37
2023,특별법범,예비군법,소계,전과,소계,1485
2023,특별법범,옥외광고물등의관리와옥외광고산업진흥에관한법률,소계,전과,소계,91
2023,특별법범,외국환거래법,소계,전과,소계,93
2023,특별법범,위험물안전관리법,소계,전과,소계,103
2023,특별법범,유사수신행위의규제에관한법률,소계,전과,소계,708
2023,특별법범,의료기기법,소계,전과,소계,61
2023,특별법범,의료법,소계,전과,소계,1098
2023,특별법범,자동차관리법,소계,전과,소계,10809
2023,특별법범,자동차손해배상보장법,소계,전과,소계,4116
2023,특별법범,자본시장과금융투자업에관한법률,소계,전과,소계,238
2023,특별법범,저작권법,소계,전과,소계,2063
2023,특별법범,전자금융거래법,소계,전과,소계,5699
2023,특별법범,전파법,소계,전과,소계,55
2023,특별법범,정보통신망이용촉진및정보보호등에관한법률,소계,전과,소계,2451
2023,특별법범,조세범처벌법,소계,전과,소계,1547
2023,특별법범,주민등록법,소계,전과,소계,624
2023,특별법범,주차장법,소계,전과,소계,60
2023,특별법범,주택법,소계,전과,소계,255
2023,특별법범,중대재해처벌등에관한법률,소계,전과,소계,9
2023,특별법범,직업안정법,소계,전과,소계,166
2023,특별법범,집회및시위에관한법률,소계,전과,소계,299
2023,특별법범,청소년보호법,소계,전과,소계,2827
2023,특별법범,총포?도검?화약류등의안전관리에관한법률,소계,전과,소계,229
2023,특별법범,최저임금법,소계,전과,소계,35
2023,특별법범,축산물위생관리법,소계,전과,소계,136
2023,특별법범,출입국관리법,소계,전과,소계,583
2023,특별법범,통신비밀보호법,소계,전과,소계,62
2023,특별법범,특가법(도주차량),소계,전과,소계,3397
2023,특별법범,특허법,소계,전과,소계,7
2023,특별법범,폐기물관리법,소계,전과,소계,1079
2023,특별법범,풍속영업의규제에관한법률,소계,전과,소계,82
2023,특별법범,하천법,소계,전과,소계,87
2023,특별법범,학원의설립운영및과외교습에관한법률,소계,전과,소계,43
2023,특별법범,화물자동차운수사업법,소계,전과,소계,806
2023,특별법범,화재로인한재해보상과보험가입에관한법률,소계,전과,소계,6
2023,특별법범,화재의예방및안전에관한법률/소방시설설치및관리에관한법률,소계,전과,소계,147
2023,특별법범,화학물질관리법,소계,전과,소계,214
2023,특별법범,기타특별법,소계,전과,소계,26607
2023,합계,소계,소계,전과,1범,133330
2023,형법범,소계,소계,전과,1범,68171
2023,형법범,재산범죄,소계,전과,1범,31081
2023,형법범,재산범죄,절도,전과,1범,11494
2023,형법범,재산범죄,장물,전과,1범,69
2023,형법범,재산범죄,사기,전과,1범,12104
2023,형법범,재산범죄,횡령,전과,1범,3075
2023,형법범,재산범죄,배임,전과,1범,309
2023,형법범,재산범죄,손괴,전과,1범,4030
2023,형법범,강력범죄(흉악),소계,전과,1범,3859
2023,형법범,강력범죄(흉악),살인,전과,1범,57
2023,형법범,강력범죄(흉악),강도,전과,1범,71
2023,형법범,강력범죄(흉악),방화,전과,1범,103
2023,형법범,강력범죄(흉악),성폭력,전과,1범,3628
2023,형법범,강력범죄(폭력),소계,전과,1범,21684
2023,형법범,강력범죄(폭력),폭행,전과,1범,13959
2023,형법범,강력범죄(폭력),상해,전과,1범,3802
2023,형법범,강력범죄(폭력),협박,전과,1범,2370
2023,형법범,강력범죄(폭력),공갈,전과,1범,824
2023,형법범,강력범죄(폭력),약취와유인,전과,1범,33
2023,형법범,강력범죄(폭력),체포와감금,전과,1범,144
2023,형법범,강력범죄(폭력),폭력행위등(손괴강요주거침입등),전과,1범,496
2023,형법범,강력범죄(폭력),폭력행위등(단체등의구성?활동),전과,1범,56
2023,형법범,위조범죄,소계,전과,1범,865
2023,형법범,위조범죄,통화,전과,1범,3
2023,형법범,위조범죄,유가증권·인지·우표,전과,1범,1
2023,형법범,위조범죄,문서,전과,1범,820
2023,형법범,위조범죄,인장,전과,1범,41
2023,형법범,공무원범죄,소계,전과,1범,94
2023,형법범,공무원범죄,직무유기,전과,1범,6
2023,형법범,공무원범죄,직권남용,전과,1범,14
2023,형법범,공무원범죄,수뢰,전과,1범,65
2023,형법범,공무원범죄,증뢰,전과,1범,9
2023,형법범,풍속범죄,소계,전과,1범,2053
2023,형법범,풍속범죄,도박과복표,전과,1범,1808
2023,형법범,풍속범죄,신앙,전과,1범,20
2023,형법범,풍속범죄,기타음란행위,전과,1범,225
2023,형법범,과실범죄,소계,전과,1범,1308
2023,형법범,과실범죄,과실치사상,전과,1범,257
2023,형법범,과실범죄,업무상과실치사상,전과,1범,741
2023,형법범,과실범죄,실화,전과,1범,310
2023,형법범,기타형법범죄,소계,전과,1범,7227
2023,형법범,기타형법범죄,명예,전과,1범,2060
2023,형법범,기타형법범죄,권리행사방해,전과,1범,292
2023,형법범,기타형법범죄,신용업무경매,전과,1범,1656
2023,형법범,기타형법범죄,주거침입,전과,1범,1363
2023,형법범,기타형법범죄,비밀침해,전과,1범,6
2023,형법범,기타형법범죄,유기,전과,1범,27
2023,형법범,기타형법범죄,교통방해,전과,1범,144
2023,형법범,기타형법범죄,공무방해,전과,1범,1267
2023,형법범,기타형법범죄,도주와범인은닉,전과,1범,79
2023,형법범,기타형법범죄,위증과증거인멸,전과,1범,56
2023,형법범,기타형법범죄,무고,전과,1범,171
2023,형법범,기타형법범죄,공안을해하는죄,전과,1범,104
2023,형법범,기타형법범죄,음용수에관한죄,전과,1범,1
2023,형법범,기타형법범죄,기타,전과,1범,1
2023,특별법범,소계,소계,전과,1범,65159
2023,특별법범,가정폭력범죄의처벌등에관한특례법,소계,전과,1범,133
2023,특별법범,가축분뇨의관리및이용에관한법률,소계,전과,1범,87
2023,특별법범,감염병의예방및관리에관한법률,소계,전과,1범,624
2023,특별법범,개발제한구역의지정및관리에관한특별조치법,소계,전과,1범,41
2023,특별법범,개인정보보호법,소계,전과,1범,187
2023,특별법범,건강기능식품에관한법률,소계,전과,1범,24
2023,특별법범,건설기계관리법,소계,전과,1범,41
2023,특별법범,건설산업기본법,소계,전과,1범,131
2023,특별법범,건축법,소계,전과,1범,319
2023,특별법범,게임산업진흥에관한법률,소계,전과,1범,474
2023,특별법범,결혼중개업의관리에관한법률,소계,전과,1범,8
2023,특별법범,경범죄처벌법,소계,전과,1범,700
2023,특별법범,고용보험법,소계,전과,1범,194
2023,특별법범,공유수면관리및매립에관한법률,소계,전과,1범,19
2023,특별법범,공유재산및물품관리법,소계,전과,1범,11
2023,특별법범,공인중개사법,소계,전과,1범,507
2023,특별법범,공중위생관리법,소계,전과,1범,281
2023,특별법범,공직선거법,소계,전과,1범,13
2023,특별법범,관세법,소계,전과,1범,7
2023,특별법범,교통사고처리특례법,소계,전과,1범,8736
2023,특별법범,국가기술자격법,소계,전과,1범,11
2023,특별법범,국가보안법,소계,전과,1범,5
2023,특별법범,국민체육진흥법,소계,전과,1범,26
2023,특별법범,국토의계획및이용에관한법률,소계,전과,1범,171
2023,특별법범,근로기준법,소계,전과,1범,572
2023,특별법범,근로자퇴직급여보장법,소계,전과,1범,108
2023,특별법범,낚시관리및육성법,소계,전과,1범,14
2023,특별법범,노동조합및노동관계조정법,소계,전과,1범,17
2023,특별법범,농수산물유통및가격안정에관한법률,소계,전과,1범,26
2023,특별법범,농수산물의원산지표시등에관한법률,소계,전과,1범,148
2023,특별법범,농지법,소계,전과,1범,78
2023,특별법범,대기환경보전법,소계,전과,1범,210
2023,특별법범,대부업등의등록및금융이용자보호에관한법률,소계,전과,1범,185
2023,특별법범,도로교통법,소계,전과,1범,1278
2023,특별법범,도로교통법(무면허운전),소계,전과,1범,2551
2023,특별법범,도로교통법(사고후미조치),소계,전과,1범,789
2023,특별법범,도로교통법(음주운전),소계,전과,1범,17968
2023,특별법범,도로교통법(음주측정거부),소계,전과,1범,519
2023,특별법범,도로법,소계,전과,1범,828
2023,특별법범,도시및주거환경정비법,소계,전과,1범,56
2023,특별법범,독점규제및공정거래에관한법률,소계,전과,1범,1
2023,특별법범,디자인보호법,소계,전과,1범,9
2023,특별법범,마약류관리에관한법률(대마),소계,전과,1범,295
2023,특별법범,마약류관리에관한법률(마약),소계,전과,1범,456
2023,특별법범,마약류관리에관한법률(향정),소계,전과,1범,1215
2023,특별법범,물환경보전법,소계,전과,1범,52
2023,특별법범,배타적경제수역에서의외국인어업등에관한주권적권리의행사에관한법률,소계,전과,1범,4
2023,특별법범,범죄수익은닉의규제및처벌등에관한법률,소계,전과,1범,26
2023,특별법범,변호사법,소계,전과,1범,20
2023,특별법범,병역법,소계,전과,1범,641
2023,특별법범,보조금관리에관한법률,소계,전과,1범,249
2023,특별법범,부동산실권리자명의등기에관한법률,소계,전과,1범,75
2023,특별법범,부정경쟁방지및영업비밀보호에관한법률,소계,전과,1범,70
2023,특별법범,부정수표단속법,소계,전과,1범,27
2023,특별법범,사행행위등규제및처벌특례법,소계,전과,1범,16
2023,특별법범,산림자원의조성및관리에관한법률,소계,전과,1범,45
2023,특별법범,산업안전보건법,소계,전과,1범,148
2023,특별법범,산지관리법,소계,전과,1범,140
2023,특별법범,상표법,소계,전과,1범,326
2023,특별법범,석유및석유대체연료사업법,소계,전과,1범,31
2023,특별법범,선박안전법,소계,전과,1범,21
2023,특별법범,선박직원법,소계,전과,1범,10
2023,특별법범,성매매알선등행위의처벌에관한법률,소계,전과,1범,986
2023,특별법범,수도법,소계,전과,1범,16
2023,특별법범,수산업법,소계,전과,1범,40
2023,특별법범,수산자원관리법,소계,전과,1범,54
2023,특별법범,스토킹범죄의처벌등에관한법률,소계,전과,1범,1175
2023,특별법범,식품위생법,소계,전과,1범,933
2023,특별법범,신용정보의이용및보호에관한법률,소계,전과,1범,3
2023,특별법범,아동?청소년의성보호에관한법률(성매수등),소계,전과,1범,100
2023,특별법범,아동·청소년의성보호에관한법률(성착취물등),소계,전과,1범,146
2023,특별법범,아동복지법,소계,전과,1범,1935
2023,특별법범,액화석유가스의안전관리및사업법,소계,전과,1범,17
2023,특별법범,약사법,소계,전과,1범,105
2023,특별법범,여객자동차운수사업법,소계,전과,1범,77
2023,특별법범,여신전문금융업법,소계,전과,1범,97
2023,특별법범,영유아보육법,소계,전과,1범,24
2023,특별법범,예비군법,소계,전과,1범,409
2023,특별법범,옥외광고물등의관리와옥외광고산업진흥에관한법률,소계,전과,1범,20
2023,특별법범,외국환거래법,소계,전과,1범,27
2023,특별법범,위험물안전관리법,소계,전과,1범,29
2023,특별법범,유사수신행위의규제에관한법률,소계,전과,1범,137
2023,특별법범,의료기기법,소계,전과,1범,16
2023,특별법범,의료법,소계,전과,1범,409
2023,특별법범,자동차관리법,소계,전과,1범,2801
2023,특별법범,자동차손해배상보장법,소계,전과,1범,698
2023,특별법범,자본시장과금융투자업에관한법률,소계,전과,1범,73
2023,특별법범,저작권법,소계,전과,1범,858
2023,특별법범,전자금융거래법,소계,전과,1범,1449
2023,특별법범,전파법,소계,전과,1범,13
2023,특별법범,정보통신망이용촉진및정보보호등에관한법률,소계,전과,1범,739
2023,특별법범,조세범처벌법,소계,전과,1범,231
2023,특별법범,주민등록법,소계,전과,1범,169
2023,특별법범,주차장법,소계,전과,1범,19
2023,특별법범,주택법,소계,전과,1범,72
2023,특별법범,중대재해처벌등에관한법률,소계,전과,1범,1
2023,특별법범,직업안정법,소계,전과,1범,25
2023,특별법범,집회및시위에관한법률,소계,전과,1범,55
2023,특별법범,청소년보호법,소계,전과,1범,1072
2023,특별법범,총포?도검?화약류등의안전관리에관한법률,소계,전과,1범,62
2023,특별법범,최저임금법,소계,전과,1범,5
2023,특별법범,축산물위생관리법,소계,전과,1범,40
2023,특별법범,출입국관리법,소계,전과,1범,143
2023,특별법범,통신비밀보호법,소계,전과,1범,38
2023,특별법범,특가법(도주차량),소계,전과,1범,799
2023,특별법범,특허법,소계,전과,1범,4
2023,특별법범,폐기물관리법,소계,전과,1범,144
2023,특별법범,풍속영업의규제에관한법률,소계,전과,1범,18
2023,특별법범,하천법,소계,전과,1범,18
2023,특별법범,학원의설립운영및과외교습에관한법률,소계,전과,1범,26
2023,특별법범,화물자동차운수사업법,소계,전과,1범,208
2023,특별법범,화재의예방및안전에관한법률/소방시설설치및관리에관한법률,소계,전과,1범,36
2023,특별법범,화학물질관리법,소계,전과,1범,37
2023,특별법범,기타특별법,소계,전과,1범,6577
2023,합계,소계,소계,전과,2범,89796
2023,형법범,소계,소계,전과,2범,47001
2023,형법범,재산범죄,소계,전과,2범,21390
2023,형법범,재산범죄,절도,전과,2범,7501
2023,형법범,재산범죄,장물,전과,2범,60
2023,형법범,재산범죄,사기,전과,2범,8699
2023,형법범,재산범죄,횡령,전과,2범,1963
2023,형법범,재산범죄,배임,전과,2범,196
2023,형법범,재산범죄,손괴,전과,2범,2971
2023,형법범,강력범죄(흉악),소계,전과,2범,2282
2023,형법범,강력범죄(흉악),살인,전과,2범,57
2023,형법범,강력범죄(흉악),강도,전과,2범,52
2023,형법범,강력범죄(흉악),방화,전과,2범,86
2023,형법범,강력범죄(흉악),성폭력,전과,2범,2087
2023,형법범,강력범죄(폭력),소계,전과,2범,15416
2023,형법범,강력범죄(폭력),폭행,전과,2범,9985
2023,형법범,강력범죄(폭력),상해,전과,2범,2731
2023,형법범,강력범죄(폭력),협박,전과,2범,1621
2023,형법범,강력범죄(폭력),공갈,전과,2범,646
2023,형법범,강력범죄(폭력),약취와유인,전과,2범,22
2023,형법범,강력범죄(폭력),체포와감금,전과,2범,83
2023,형법범,강력범죄(폭력),폭력행위등(손괴강요주거침입등),전과,2범,299
2023,형법범,강력범죄(폭력),폭력행위등(단체등의구성?활동),전과,2범,29
2023,형법범,위조범죄,소계,전과,2범,539
2023,형법범,위조범죄,통화,전과,2범,2
2023,형법범,위조범죄,유가증권·인지·우표,전과,2범,2
2023,형법범,위조범죄,문서,전과,2범,510
2023,형법범,위조범죄,인장,전과,2범,25
2023,형법범,공무원범죄,소계,전과,2범,44
2023,형법범,공무원범죄,직무유기,전과,2범,1
2023,형법범,공무원범죄,직권남용,전과,2범,2
2023,형법범,공무원범죄,수뢰,전과,2범,29
2023,형법범,공무원범죄,증뢰,전과,2범,12
2023,형법범,풍속범죄,소계,전과,2범,1530
2023,형법범,풍속범죄,도박과복표,전과,2범,1352
2023,형법범,풍속범죄,신앙,전과,2범,14
2023,형법범,풍속범죄,기타음란행위,전과,2범,164
2023,형법범,과실범죄,소계,전과,2범,844
2023,형법범,과실범죄,과실치사상,전과,2범,165
2023,형법범,과실범죄,업무상과실치사상,전과,2범,485
2023,형법범,과실범죄,실화,전과,2범,194
2023,형법범,기타형법범죄,소계,전과,2범,4956
2023,형법범,기타형법범죄,명예,전과,2범,1279
2023,형법범,기타형법범죄,권리행사방해,전과,2범,230
2023,형법범,기타형법범죄,신용업무경매,전과,2범,1223
2023,형법범,기타형법범죄,주거침입,전과,2범,888
2023,형법범,기타형법범죄,비밀침해,전과,2범,4
2023,형법범,기타형법범죄,유기,전과,2범,10
2023,형법범,기타형법범죄,교통방해,전과,2범,67
2023,형법범,기타형법범죄,공무방해,전과,2범,972
2023,형법범,기타형법범죄,도주와범인은닉,전과,2범,31
2023,형법범,기타형법범죄,위증과증거인멸,전과,2범,33
2023,형법범,기타형법범죄,무고,전과,2범,131
2023,형법범,기타형법범죄,공안을해하는죄,전과,2범,81
2023,형법범,기타형법범죄,음용수에관한죄,전과,2범,7
2023,특별법범,소계,소계,전과,2범,42795
2023,특별법범,가정폭력범죄의처벌등에관한특례법,소계,전과,2범,113
2023,특별법범,가축분뇨의관리및이용에관한법률,소계,전과,2범,65
2023,특별법범,감염병의예방및관리에관한법률,소계,전과,2범,369
2023,특별법범,개발제한구역의지정및관리에관한특별조치법,소계,전과,2범,28
2023,특별법범,개인정보보호법,소계,전과,2범,101
2023,특별법범,건강기능식품에관한법률,소계,전과,2범,8
2023,특별법범,건설기계관리법,소계,전과,2범,29
2023,특별법범,건설산업기본법,소계,전과,2범,121
2023,특별법범,건축법,소계,전과,2범,175
2023,특별법범,게임산업진흥에관한법률,소계,전과,2범,383
2023,특별법범,결혼중개업의관리에관한법률,소계,전과,2범,1
2023,특별법범,경범죄처벌법,소계,전과,2범,590
2023,특별법범,고용보험법,소계,전과,2범,112
2023,특별법범,공유수면관리및매립에관한법률,소계,전과,2범,8
2023,특별법범,공유재산및물품관리법,소계,전과,2범,7
2023,특별법범,공인중개사법,소계,전과,2범,287
2023,특별법범,공중위생관리법,소계,전과,2범,144
2023,특별법범,공직선거법,소계,전과,2범,6
2023,특별법범,관세법,소계,전과,2범,5
2023,특별법범,교통사고처리특례법,소계,전과,2범,5419
2023,특별법범,국가기술자격법,소계,전과,2범,10
2023,특별법범,국가보안법,소계,전과,2범,5
2023,특별법범,국민체육진흥법,소계,전과,2범,25
2023,특별법범,국토의계획및이용에관한법률,소계,전과,2범,143
2023,특별법범,근로기준법,소계,전과,2범,457
2023,특별법범,근로자퇴직급여보장법,소계,전과,2범,118
2023,특별법범,낚시관리및육성법,소계,전과,2범,10
2023,특별법범,노동조합및노동관계조정법,소계,전과,2범,5
2023,특별법범,농수산물유통및가격안정에관한법률,소계,전과,2범,10
2023,특별법범,농수산물의원산지표시등에관한법률,소계,전과,2범,87
2023,특별법범,농지법,소계,전과,2범,77
2023,특별법범,대기환경보전법,소계,전과,2범,173
2023,특별법범,대부업등의등록및금융이용자보호에관한법률,소계,전과,2범,113
2023,특별법범,도로교통법,소계,전과,2범,888
2023,특별법범,도로교통법(무면허운전),소계,전과,2범,2066
2023,특별법범,도로교통법(사고후미조치),소계,전과,2범,501
2023,특별법범,도로교통법(음주운전),소계,전과,2범,11604
2023,특별법범,도로교통법(음주측정거부),소계,전과,2범,381
2023,특별법범,도로법,소계,전과,2범,689
2023,특별법범,도시및주거환경정비법,소계,전과,2범,32
2023,특별법범,독점규제및공정거래에관한법률,소계,전과,2범,2
2023,특별법범,디자인보호법,소계,전과,2범,2
2023,특별법범,마약류관리에관한법률(대마),소계,전과,2범,186
2023,특별법범,마약류관리에관한법률(마약),소계,전과,2범,204
2023,특별법범,마약류관리에관한법률(향정),소계,전과,2범,751
2023,특별법범,물환경보전법,소계,전과,2범,45
2023,특별법범,배타적경제수역에서의외국인어업등에관한주권적권리의행사에관한법률,소계,전과,2범,4
2023,특별법범,범죄수익은닉의규제및처벌등에관한법률,소계,전과,2범,16
2023,특별법범,변호사법,소계,전과,2범,20
2023,특별법범,병역법,소계,전과,2범,349
2023,특별법범,보조금관리에관한법률,소계,전과,2범,128
2023,특별법범,부동산실권리자명의등기에관한법률,소계,전과,2범,53
2023,특별법범,부정경쟁방지및영업비밀보호에관한법률,소계,전과,2범,30
2023,특별법범,부정수표단속법,소계,전과,2범,14
2023,특별법범,사행행위등규제및처벌특례법,소계,전과,2범,17
2023,특별법범,산림자원의조성및관리에관한법률,소계,전과,2범,53
2023,특별법범,산업안전보건법,소계,전과,2범,117
2023,특별법범,산지관리법,소계,전과,2범,125
2023,특별법범,상표법,소계,전과,2범,185
2023,특별법범,석유및석유대체연료사업법,소계,전과,2범,28
2023,특별법범,선박안전법,소계,전과,2범,22
2023,특별법범,선박직원법,소계,전과,2범,16
2023,특별법범,성매매알선등행위의처벌에관한법률,소계,전과,2범,574
2023,특별법범,수도법,소계,전과,2범,9
2023,특별법범,수산업법,소계,전과,2범,22
2023,특별법범,수산자원관리법,소계,전과,2범,48
2023,특별법범,스토킹범죄의처벌등에관한법률,소계,전과,2범,831
2023,특별법범,식품위생법,소계,전과,2범,669
2023,특별법범,신용정보의이용및보호에관한법률,소계,전과,2범,1
2023,특별법범,아동?청소년의성보호에관한법률(성매수등),소계,전과,2범,68
2023,특별법범,아동·청소년의성보호에관한법률(성착취물등),소계,전과,2범,57
2023,특별법범,아동복지법,소계,전과,2범,1207
2023,특별법범,액화석유가스의안전관리및사업법,소계,전과,2범,9
2023,특별법범,약사법,소계,전과,2범,82
2023,특별법범,여객자동차운수사업법,소계,전과,2범,76
2023,특별법범,여신전문금융업법,소계,전과,2범,60
2023,특별법범,영유아보육법,소계,전과,2범,6
2023,특별법범,예비군법,소계,전과,2범,294
2023,특별법범,옥외광고물등의관리와옥외광고산업진흥에관한법률,소계,전과,2범,13
2023,특별법범,외국환거래법,소계,전과,2범,15
2023,특별법범,위험물안전관리법,소계,전과,2범,23
2023,특별법범,유사수신행위의규제에관한법률,소계,전과,2범,98
2023,특별법범,의료기기법,소계,전과,2범,16
2023,특별법범,의료법,소계,전과,2범,215
2023,특별법범,자동차관리법,소계,전과,2범,1877
2023,특별법범,자동차손해배상보장법,소계,전과,2범,573
2023,특별법범,자본시장과금융투자업에관한법률,소계,전과,2범,50
2023,특별법범,저작권법,소계,전과,2범,447
2023,특별법범,전자금융거래법,소계,전과,2범,976
2023,특별법범,전파법,소계,전과,2범,14
2023,특별법범,정보통신망이용촉진및정보보호등에관한법률,소계,전과,2범,426
2023,특별법범,조세범처벌법,소계,전과,2범,171
2023,특별법범,주민등록법,소계,전과,2범,85
2023,특별법범,주차장법,소계,전과,2범,10
2023,특별법범,주택법,소계,전과,2범,40
2023,특별법범,중대재해처벌등에관한법률,소계,전과,2범,3
2023,특별법범,직업안정법,소계,전과,2범,22
2023,특별법범,집회및시위에관한법률,소계,전과,2범,49
2023,특별법범,청소년보호법,소계,전과,2범,593
2023,특별법범,총포?도검?화약류등의안전관리에관한법률,소계,전과,2범,39
2023,특별법범,최저임금법,소계,전과,2범,7
2023,특별법범,축산물위생관리법,소계,전과,2범,17
2023,특별법범,출입국관리법,소계,전과,2범,96
2023,특별법범,통신비밀보호법,소계,전과,2범,9
2023,특별법범,특가법(도주차량),소계,전과,2범,545
2023,특별법범,폐기물관리법,소계,전과,2범,121
2023,특별법범,풍속영업의규제에관한법률,소계,전과,2범,11
2023,특별법범,하천법,소계,전과,2범,13
2023,특별법범,학원의설립운영및과외교습에관한법률,소계,전과,2범,6
2023,특별법범,화물자동차운수사업법,소계,전과,2범,136
2023,특별법범,화재로인한재해보상과보험가입에관한법률,소계,전과,2범,3
2023,특별법범,화재의예방및안전에관한법률/소방시설설치및관리에관한법률,소계,전과,2범,19
2023,특별법범,화학물질관리법,소계,전과,2범,28
2023,특별법범,기타특별법,소계,전과,2범,4284
2023,합계,소계,소계,전과,3범,67250
2023,형법범,소계,소계,전과,3범,36744
2023,형법범,재산범죄,소계,전과,3범,16506
2023,형법범,재산범죄,절도,전과,3범,5277
2023,형법범,재산범죄,장물,전과,3범,42
2023,형법범,재산범죄,사기,전과,3범,7253
2023,형법범,재산범죄,횡령,전과,3범,1514
2023,형법범,재산범죄,배임,전과,3범,167
2023,형법범,재산범죄,손괴,전과,3범,2253
2023,형법범,강력범죄(흉악),소계,전과,3범,1684
2023,형법범,강력범죄(흉악),살인,전과,3범,57
2023,형법범,강력범죄(흉악),강도,전과,3범,47
2023,형법범,강력범죄(흉악),방화,전과,3범,72
2023,형법범,강력범죄(흉악),성폭력,전과,3범,1508
2023,형법범,강력범죄(폭력),소계,전과,3범,12207
2023,형법범,강력범죄(폭력),폭행,전과,3범,7945
2023,형법범,강력범죄(폭력),상해,전과,3범,2166
2023,형법범,강력범죄(폭력),협박,전과,3범,1273
2023,형법범,강력범죄(폭력),공갈,전과,3범,464
2023,형법범,강력범죄(폭력),약취와유인,전과,3범,15
2023,형법범,강력범죄(폭력),체포와감금,전과,3범,85
2023,형법범,강력범죄(폭력),폭력행위등(손괴강요주거침입등),전과,3범,210
2023,형법범,강력범죄(폭력),폭력행위등(단체등의구성?활동),전과,3범,49
2023,형법범,위조범죄,소계,전과,3범,396
2023,형법범,위조범죄,통화,전과,3범,1
2023,형법범,위조범죄,유가증권·인지·우표,전과,3범,3
2023,형법범,위조범죄,문서,전과,3범,372
2023,형법범,위조범죄,인장,전과,3범,20
2023,형법범,공무원범죄,소계,전과,3범,31
2023,형법범,공무원범죄,직무유기,전과,3범,1
2023,형법범,공무원범죄,직권남용,전과,3범,2
2023,형법범,공무원범죄,수뢰,전과,3범,18
2023,형법범,공무원범죄,증뢰,전과,3범,10
2023,형법범,풍속범죄,소계,전과,3범,1321
2023,형법범,풍속범죄,도박과복표,전과,3범,1177
2023,형법범,풍속범죄,신앙,전과,3범,9
2023,형법범,풍속범죄,기타음란행위,전과,3범,135
2023,형법범,과실범죄,소계,전과,3범,563
2023,형법범,과실범죄,과실치사상,전과,3범,110
2023,형법범,과실범죄,업무상과실치사상,전과,3범,338
2023,형법범,과실범죄,실화,전과,3범,115
2023,형법범,기타형법범죄,소계,전과,3범,4036
2023,형법범,기타형법범죄,명예,전과,3범,929
2023,형법범,기타형법범죄,권리행사방해,전과,3범,178
2023,형법범,기타형법범죄,신용업무경매,전과,3범,1017
2023,형법범,기타형법범죄,주거침입,전과,3범,696
2023,형법범,기타형법범죄,비밀침해,전과,3범,1
2023,형법범,기타형법범죄,유기,전과,3범,8
2023,형법범,기타형법범죄,교통방해,전과,3범,68
2023,형법범,기타형법범죄,공무방해,전과,3범,911
2023,형법범,기타형법범죄,도주와범인은닉,전과,3범,38
2023,형법범,기타형법범죄,위증과증거인멸,전과,3범,34
2023,형법범,기타형법범죄,무고,전과,3범,75
2023,형법범,기타형법범죄,공안을해하는죄,전과,3범,80
2023,형법범,기타형법범죄,일수와수리에관한죄,전과,3범,1
2023,특별법범,소계,소계,전과,3범,30506
2023,특별법범,가정폭력범죄의처벌등에관한특례법,소계,전과,3범,78
2023,특별법범,가축분뇨의관리및이용에관한법률,소계,전과,3범,52
2023,특별법범,감염병의예방및관리에관한법률,소계,전과,3범,242
2023,특별법범,개발제한구역의지정및관리에관한특별조치법,소계,전과,3범,26
2023,특별법범,개인정보보호법,소계,전과,3범,63
2023,특별법범,건강기능식품에관한법률,소계,전과,3범,4
2023,특별법범,건설기계관리법,소계,전과,3범,25
2023,특별법범,건설산업기본법,소계,전과,3범,98
2023,특별법범,건축법,소계,전과,3범,162
2023,특별법범,게임산업진흥에관한법률,소계,전과,3범,316
2023,특별법범,결혼중개업의관리에관한법률,소계,전과,3범,5
2023,특별법범,경범죄처벌법,소계,전과,3범,474
2023,특별법범,고용보험법,소계,전과,3범,72
2023,특별법범,공유수면관리및매립에관한법률,소계,전과,3범,11
2023,특별법범,공유재산및물품관리법,소계,전과,3범,6
2023,특별법범,공인중개사법,소계,전과,3범,187
2023,특별법범,공중위생관리법,소계,전과,3범,79
2023,특별법범,공직선거법,소계,전과,3범,6
2023,특별법범,관세법,소계,전과,3범,2
2023,특별법범,교통사고처리특례법,소계,전과,3범,3494
2023,특별법범,국가기술자격법,소계,전과,3범,5
2023,특별법범,국가보안법,소계,전과,3범,3
2023,특별법범,국민체육진흥법,소계,전과,3범,17
2023,특별법범,국토의계획및이용에관한법률,소계,전과,3범,91
2023,특별법범,근로기준법,소계,전과,3범,401
2023,특별법범,근로자퇴직급여보장법,소계,전과,3범,84
2023,특별법범,낚시관리및육성법,소계,전과,3범,14
2023,특별법범,노동조합및노동관계조정법,소계,전과,3범,4
2023,특별법범,농수산물유통및가격안정에관한법률,소계,전과,3범,14
2023,특별법범,농수산물의원산지표시등에관한법률,소계,전과,3범,40
2023,특별법범,농지법,소계,전과,3범,42
2023,특별법범,대기환경보전법,소계,전과,3범,127
2023,특별법범,대부업등의등록및금융이용자보호에관한법률,소계,전과,3범,90
2023,특별법범,도로교통법,소계,전과,3범,595
2023,특별법범,도로교통법(무면허운전),소계,전과,3범,1698
2023,특별법범,도로교통법(사고후미조치),소계,전과,3범,367
2023,특별법범,도로교통법(음주운전),소계,전과,3범,8152
2023,특별법범,도로교통법(음주측정거부),소계,전과,3범,320
2023,특별법범,도로법,소계,전과,3범,587
2023,특별법범,도시및주거환경정비법,소계,전과,3범,34
2023,특별법범,디자인보호법,소계,전과,3범,3
2023,특별법범,마약류관리에관한법률(대마),소계,전과,3범,112
2023,특별법범,마약류관리에관한법률(마약),소계,전과,3범,118
2023,특별법범,마약류관리에관한법률(향정),소계,전과,3범,663
2023,특별법범,물환경보전법,소계,전과,3범,28
2023,특별법범,배타적경제수역에서의외국인어업등에관한주권적권리의행사에관한법률,소계,전과,3범,1
2023,특별법범,범죄수익은닉의규제및처벌등에관한법률,소계,전과,3범,12
2023,특별법범,변호사법,소계,전과,3범,15
2023,특별법범,병역법,소계,전과,3범,179
2023,특별법범,보조금관리에관한법률,소계,전과,3범,83
2023,특별법범,부동산실권리자명의등기에관한법률,소계,전과,3범,36
2023,특별법범,부정경쟁방지및영업비밀보호에관한법률,소계,전과,3범,12
2023,특별법범,부정수표단속법,소계,전과,3범,34
2023,특별법범,사행행위등규제및처벌특례법,소계,전과,3범,18
2023,특별법범,산림자원의조성및관리에관한법률,소계,전과,3범,28
2023,특별법범,산업안전보건법,소계,전과,3범,91
2023,특별법범,산지관리법,소계,전과,3범,109
2023,특별법범,상표법,소계,전과,3범,111
2023,특별법범,석유및석유대체연료사업법,소계,전과,3범,20
2023,특별법범,선박안전법,소계,전과,3범,13
2023,특별법범,선박직원법,소계,전과,3범,14
2023,특별법범,성매매알선등행위의처벌에관한법률,소계,전과,3범,415
2023,특별법범,수도법,소계,전과,3범,5
2023,특별법범,수산업법,소계,전과,3범,32
2023,특별법범,수산자원관리법,소계,전과,3범,37
2023,특별법범,스토킹범죄의처벌등에관한법률,소계,전과,3범,613
2023,특별법범,식품위생법,소계,전과,3범,438
2023,특별법범,신용정보의이용및보호에관한법률,소계,전과,3범,2
2023,특별법범,아동?청소년의성보호에관한법률(성매수등),소계,전과,3범,40
2023,특별법범,아동·청소년의성보호에관한법률(성착취물등),소계,전과,3범,28
2023,특별법범,아동복지법,소계,전과,3범,803
2023,특별법범,액화석유가스의안전관리및사업법,소계,전과,3범,13
2023,특별법범,약사법,소계,전과,3범,55
2023,특별법범,여객자동차운수사업법,소계,전과,3범,64
2023,특별법범,여신전문금융업법,소계,전과,3범,59
2023,특별법범,영유아보육법,소계,전과,3범,2
2023,특별법범,예비군법,소계,전과,3범,191
2023,특별법범,옥외광고물등의관리와옥외광고산업진흥에관한법률,소계,전과,3범,10
2023,특별법범,외국환거래법,소계,전과,3범,11
2023,특별법범,위험물안전관리법,소계,전과,3범,17
2023,특별법범,유사수신행위의규제에관한법률,소계,전과,3범,88
2023,특별법범,의료기기법,소계,전과,3범,13
2023,특별법범,의료법,소계,전과,3범,128
2023,특별법범,자동차관리법,소계,전과,3범,1390
2023,특별법범,자동차손해배상보장법,소계,전과,3범,465
2023,특별법범,자본시장과금융투자업에관한법률,소계,전과,3범,32
2023,특별법범,저작권법,소계,전과,3범,234
2023,특별법범,전자금융거래법,소계,전과,3범,655
2023,특별법범,전파법,소계,전과,3범,6
2023,특별법범,정보통신망이용촉진및정보보호등에관한법률,소계,전과,3범,253
2023,특별법범,조세범처벌법,소계,전과,3범,161
2023,특별법범,주민등록법,소계,전과,3범,75
2023,특별법범,주차장법,소계,전과,3범,10
2023,특별법범,주택법,소계,전과,3범,39
2023,특별법범,중대재해처벌등에관한법률,소계,전과,3범,2
2023,특별법범,직업안정법,소계,전과,3범,19
2023,특별법범,집회및시위에관한법률,소계,전과,3범,26
2023,특별법범,청소년보호법,소계,전과,3범,338
2023,특별법범,총포?도검?화약류등의안전관리에관한법률,소계,전과,3범,20
2023,특별법범,최저임금법,소계,전과,3범,6
2023,특별법범,축산물위생관리법,소계,전과,3범,17
2023,특별법범,출입국관리법,소계,전과,3범,55
2023,특별법범,통신비밀보호법,소계,전과,3범,3
2023,특별법범,특가법(도주차량),소계,전과,3범,429
2023,특별법범,폐기물관리법,소계,전과,3범,114
2023,특별법범,풍속영업의규제에관한법률,소계,전과,3범,13
2023,특별법범,하천법,소계,전과,3범,11
2023,특별법범,학원의설립운영및과외교습에관한법률,소계,전과,3범,3
2023,특별법범,화물자동차운수사업법,소계,전과,3범,126
2023,특별법범,화재의예방및안전에관한법률/소방시설설치및관리에관한법률,소계,전과,3범,15
2023,특별법범,화학물질관리법,소계,전과,3범,19
2023,특별법범,기타특별법,소계,전과,3범,3119
2023,합계,소계,소계,전과,4범,49327
2023,형법범,소계,소계,전과,4범,27368
2023,형법범,재산범죄,소계,전과,4범,12319
2023,형법범,재산범죄,절도,전과,4범,3903
2023,형법범,재산범죄,장물,전과,4범,23
2023,형법범,재산범죄,사기,전과,4범,5640
2023,형법범,재산범죄,횡령,전과,4범,990
2023,형법범,재산범죄,배임,전과,4범,119
2023,형법범,재산범죄,손괴,전과,4범,1644
2023,형법범,강력범죄(흉악),소계,전과,4범,1176
2023,형법범,강력범죄(흉악),살인,전과,4범,36
2023,형법범,강력범죄(흉악),강도,전과,4범,36
2023,형법범,강력범죄(흉악),방화,전과,4범,71
2023,형법범,강력범죄(흉악),성폭력,전과,4범,1033
2023,형법범,강력범죄(폭력),소계,전과,4범,9152
2023,형법범,강력범죄(폭력),폭행,전과,4범,5770
2023,형법범,강력범죄(폭력),상해,전과,4범,1660
2023,형법범,강력범죄(폭력),협박,전과,4범,1009
2023,형법범,강력범죄(폭력),공갈,전과,4범,441
2023,형법범,강력범죄(폭력),약취와유인,전과,4범,8
2023,형법범,강력범죄(폭력),체포와감금,전과,4범,60
2023,형법범,강력범죄(폭력),폭력행위등(손괴강요주거침입등),전과,4범,175
2023,형법범,강력범죄(폭력),폭력행위등(단체등의구성?활동),전과,4범,29
2023,형법범,위조범죄,소계,전과,4범,347
2023,형법범,위조범죄,통화,전과,4범,1
2023,형법범,위조범죄,유가증권·인지·우표,전과,4범,1
2023,형법범,위조범죄,문서,전과,4범,327
2023,형법범,위조범죄,인장,전과,4범,18
2023,형법범,공무원범죄,소계,전과,4범,18
2023,형법범,공무원범죄,수뢰,전과,4범,12
2023,형법범,공무원범죄,증뢰,전과,4범,6
2023,형법범,풍속범죄,소계,전과,4범,910
2023,형법범,풍속범죄,도박과복표,전과,4범,841
2023,형법범,풍속범죄,신앙,전과,4범,6
2023,형법범,풍속범죄,기타음란행위,전과,4범,63
2023,형법범,과실범죄,소계,전과,4범,390
2023,형법범,과실범죄,과실치사상,전과,4범,81
2023,형법범,과실범죄,업무상과실치사상,전과,4범,234
2023,형법범,과실범죄,실화,전과,4범,75
2023,형법범,기타형법범죄,소계,전과,4범,3056
2023,형법범,기타형법범죄,명예,전과,4범,659
2023,형법범,기타형법범죄,권리행사방해,전과,4범,142
2023,형법범,기타형법범죄,신용업무경매,전과,4범,832
2023,형법범,기타형법범죄,주거침입,전과,4범,562
2023,형법범,기타형법범죄,유기,전과,4범,4
2023,형법범,기타형법범죄,교통방해,전과,4범,47
2023,형법범,기타형법범죄,공무방해,전과,4범,661
2023,형법범,기타형법범죄,도주와범인은닉,전과,4범,21
2023,형법범,기타형법범죄,위증과증거인멸,전과,4범,36
2023,형법범,기타형법범죄,무고,전과,4범,55
2023,형법범,기타형법범죄,공안을해하는죄,전과,4범,37
2023,특별법범,소계,소계,전과,4범,21959
2023,특별법범,가정폭력범죄의처벌등에관한특례법,소계,전과,4범,59
2023,특별법범,가축분뇨의관리및이용에관한법률,소계,전과,4범,34
2023,특별법범,감염병의예방및관리에관한법률,소계,전과,4범,186
2023,특별법범,개발제한구역의지정및관리에관한특별조치법,소계,전과,4범,19
2023,특별법범,개인정보보호법,소계,전과,4범,43
2023,특별법범,건강기능식품에관한법률,소계,전과,4범,6
2023,특별법범,건설기계관리법,소계,전과,4범,20
2023,특별법범,건설산업기본법,소계,전과,4범,80
2023,특별법범,건축법,소계,전과,4범,95
2023,특별법범,게임산업진흥에관한법률,소계,전과,4범,204
2023,특별법범,결혼중개업의관리에관한법률,소계,전과,4범,5
2023,특별법범,경범죄처벌법,소계,전과,4범,353
2023,특별법범,고용보험법,소계,전과,4범,38
2023,특별법범,공유수면관리및매립에관한법률,소계,전과,4범,12
2023,특별법범,공유재산및물품관리법,소계,전과,4범,2
2023,특별법범,공인중개사법,소계,전과,4범,121
2023,특별법범,공중위생관리법,소계,전과,4범,38
2023,특별법범,공직선거법,소계,전과,4범,1
2023,특별법범,관세법,소계,전과,4범,2
2023,특별법범,교통사고처리특례법,소계,전과,4범,2613
2023,특별법범,국가기술자격법,소계,전과,4범,5
2023,특별법범,국가보안법,소계,전과,4범,7
2023,특별법범,국민체육진흥법,소계,전과,4범,12
2023,특별법범,국토의계획및이용에관한법률,소계,전과,4범,83
2023,특별법범,근로기준법,소계,전과,4범,281
2023,특별법범,근로자퇴직급여보장법,소계,전과,4범,63
2023,특별법범,낚시관리및육성법,소계,전과,4범,5
2023,특별법범,노동조합및노동관계조정법,소계,전과,4범,1
2023,특별법범,농수산물유통및가격안정에관한법률,소계,전과,4범,9
2023,특별법범,농수산물의원산지표시등에관한법률,소계,전과,4범,22
2023,특별법범,농지법,소계,전과,4범,36
2023,특별법범,대기환경보전법,소계,전과,4범,102
2023,특별법범,대부업등의등록및금융이용자보호에관한법률,소계,전과,4범,63
2023,특별법범,도로교통법,소계,전과,4범,450
2023,특별법범,도로교통법(무면허운전),소계,전과,4범,1402
2023,특별법범,도로교통법(사고후미조치),소계,전과,4범,257
2023,특별법범,도로교통법(음주운전),소계,전과,4범,5801
2023,특별법범,도로교통법(음주측정거부),소계,전과,4범,272
2023,특별법범,도로법,소계,전과,4범,477
2023,특별법범,도시및주거환경정비법,소계,전과,4범,21
2023,특별법범,마약류관리에관한법률(대마),소계,전과,4범,80
2023,특별법범,마약류관리에관한법률(마약),소계,전과,4범,94
2023,특별법범,마약류관리에관한법률(향정),소계,전과,4범,441
2023,특별법범,물환경보전법,소계,전과,4범,19
2023,특별법범,범죄수익은닉의규제및처벌등에관한법률,소계,전과,4범,9
2023,특별법범,변호사법,소계,전과,4범,8
2023,특별법범,병역법,소계,전과,4범,117
2023,특별법범,보조금관리에관한법률,소계,전과,4범,54
2023,특별법범,부동산실권리자명의등기에관한법률,소계,전과,4범,19
2023,특별법범,부정경쟁방지및영업비밀보호에관한법률,소계,전과,4범,8
2023,특별법범,부정수표단속법,소계,전과,4범,7
2023,특별법범,사행행위등규제및처벌특례법,소계,전과,4범,7
2023,특별법범,산림자원의조성및관리에관한법률,소계,전과,4범,38
2023,특별법범,산업안전보건법,소계,전과,4범,47
2023,특별법범,산지관리법,소계,전과,4범,83
2023,특별법범,상표법,소계,전과,4범,78
2023,특별법범,석유및석유대체연료사업법,소계,전과,4범,18
2023,특별법범,선박안전법,소계,전과,4범,8
2023,특별법범,선박직원법,소계,전과,4범,9
2023,특별법범,성매매알선등행위의처벌에관한법률,소계,전과,4범,250
2023,특별법범,수도법,소계,전과,4범,4
2023,특별법범,수산업법,소계,전과,4범,24
2023,특별법범,수산자원관리법,소계,전과,4범,25
2023,특별법범,스토킹범죄의처벌등에관한법률,소계,전과,4범,490
2023,특별법범,식품위생법,소계,전과,4범,276
2023,특별법범,신용정보의이용및보호에관한법률,소계,전과,4범,1
2023,특별법범,아동?청소년의성보호에관한법률(성매수등),소계,전과,4범,35
2023,특별법범,아동·청소년의성보호에관한법률(성착취물등),소계,전과,4범,16
2023,특별법범,아동복지법,소계,전과,4범,522
2023,특별법범,액화석유가스의안전관리및사업법,소계,전과,4범,8
2023,특별법범,약사법,소계,전과,4범,33
2023,특별법범,여객자동차운수사업법,소계,전과,4범,45
2023,특별법범,여신전문금융업법,소계,전과,4범,36
2023,특별법범,영유아보육법,소계,전과,4범,1
2023,특별법범,예비군법,소계,전과,4범,148
2023,특별법범,옥외광고물등의관리와옥외광고산업진흥에관한법률,소계,전과,4범,12
2023,특별법범,외국환거래법,소계,전과,4범,9
2023,특별법범,위험물안전관리법,소계,전과,4범,15
2023,특별법범,유사수신행위의규제에관한법률,소계,전과,4범,44
2023,특별법범,의료기기법,소계,전과,4범,7
2023,특별법범,의료법,소계,전과,4범,87
2023,특별법범,자동차관리법,소계,전과,4범,993
2023,특별법범,자동차손해배상보장법,소계,전과,4범,366
2023,특별법범,자본시장과금융투자업에관한법률,소계,전과,4범,23
2023,특별법범,저작권법,소계,전과,4범,157
2023,특별법범,전자금융거래법,소계,전과,4범,433
2023,특별법범,전파법,소계,전과,4범,8
2023,특별법범,정보통신망이용촉진및정보보호등에관한법률,소계,전과,4범,183
2023,특별법범,조세범처벌법,소계,전과,4범,129
2023,특별법범,주민등록법,소계,전과,4범,42
2023,특별법범,주차장법,소계,전과,4범,5
2023,특별법범,주택법,소계,전과,4범,15
2023,특별법범,중대재해처벌등에관한법률,소계,전과,4범,2
2023,특별법범,직업안정법,소계,전과,4범,21
2023,특별법범,집회및시위에관한법률,소계,전과,4범,20
2023,특별법범,청소년보호법,소계,전과,4범,213
2023,특별법범,총포?도검?화약류등의안전관리에관한법률,소계,전과,4범,29
2023,특별법범,최저임금법,소계,전과,4범,3
2023,특별법범,축산물위생관리법,소계,전과,4범,17
2023,특별법범,출입국관리법,소계,전과,4범,56
2023,특별법범,통신비밀보호법,소계,전과,4범,4
2023,특별법범,특가법(도주차량),소계,전과,4범,291
2023,특별법범,특허법,소계,전과,4범,2
2023,특별법범,폐기물관리법,소계,전과,4범,77
2023,특별법범,풍속영업의규제에관한법률,소계,전과,4범,8
2023,특별법범,하천법,소계,전과,4범,6
2023,특별법범,학원의설립운영및과외교습에관한법률,소계,전과,4범,3
2023,특별법범,화물자동차운수사업법,소계,전과,4범,78
2023,특별법범,화재로인한재해보상과보험가입에관한법률,소계,전과,4범,2
2023,특별법범,화재의예방및안전에관한법률/소방시설설치및관리에관한법률,소계,전과,4범,17
2023,특별법범,화학물질관리법,소계,전과,4범,14
2023,특별법범,기타특별법,소계,전과,4범,2210
2023,합계,소계,소계,전과,5범,39122
2023,형법범,소계,소계,전과,5범,22448
2023,형법범,재산범죄,소계,전과,5범,10219
2023,형법범,재산범죄,절도,전과,5범,3173
2023,형법범,재산범죄,장물,전과,5범,17
2023,형법범,재산범죄,사기,전과,5범,4763
2023,형법범,재산범죄,횡령,전과,5범,804
2023,형법범,재산범죄,배임,전과,5범,65
2023,형법범,재산범죄,손괴,전과,5범,1397
2023,형법범,강력범죄(흉악),소계,전과,5범,863
2023,형법범,강력범죄(흉악),살인,전과,5범,27
2023,형법범,강력범죄(흉악),강도,전과,5범,39
2023,형법범,강력범죄(흉악),방화,전과,5범,40
2023,형법범,강력범죄(흉악),성폭력,전과,5범,757
2023,형법범,강력범죄(폭력),소계,전과,5범,7411
2023,형법범,강력범죄(폭력),폭행,전과,5범,4681
2023,형법범,강력범죄(폭력),상해,전과,5범,1393
2023,형법범,강력범죄(폭력),협박,전과,5범,806
2023,형법범,강력범죄(폭력),공갈,전과,5범,316
2023,형법범,강력범죄(폭력),약취와유인,전과,5범,12
2023,형법범,강력범죄(폭력),체포와감금,전과,5범,47
2023,형법범,강력범죄(폭력),폭력행위등(손괴강요주거침입등),전과,5범,119
2023,형법범,강력범죄(폭력),폭력행위등(단체등의구성?활동),전과,5범,37
2023,형법범,위조범죄,소계,전과,5범,244
2023,형법범,위조범죄,유가증권·인지·우표,전과,5범,3
2023,형법범,위조범죄,문서,전과,5범,224
2023,형법범,위조범죄,인장,전과,5범,17
2023,형법범,공무원범죄,소계,전과,5범,12
2023,형법범,공무원범죄,수뢰,전과,5범,8
2023,형법범,공무원범죄,증뢰,전과,5범,4
2023,형법범,풍속범죄,소계,전과,5범,771
2023,형법범,풍속범죄,도박과복표,전과,5범,694
2023,형법범,풍속범죄,신앙,전과,5범,9
2023,형법범,풍속범죄,기타음란행위,전과,5범,68
2023,형법범,과실범죄,소계,전과,5범,279
2023,형법범,과실범죄,과실치사상,전과,5범,49
2023,형법범,과실범죄,업무상과실치사상,전과,5범,163
2023,형법범,과실범죄,실화,전과,5범,67
2023,형법범,기타형법범죄,소계,전과,5범,2649
2023,형법범,기타형법범죄,명예,전과,5범,564
2023,형법범,기타형법범죄,권리행사방해,전과,5범,105
2023,형법범,기타형법범죄,신용업무경매,전과,5범,776
2023,형법범,기타형법범죄,주거침입,전과,5범,408
2023,형법범,기타형법범죄,유기,전과,5범,3
2023,형법범,기타형법범죄,교통방해,전과,5범,44
2023,형법범,기타형법범죄,공무방해,전과,5범,621
2023,형법범,기타형법범죄,도주와범인은닉,전과,5범,11
2023,형법범,기타형법범죄,위증과증거인멸,전과,5범,16
2023,형법범,기타형법범죄,무고,전과,5범,59
2023,형법범,기타형법범죄,공안을해하는죄,전과,5범,41
2023,형법범,기타형법범죄,음용수에관한죄,전과,5범,1
2023,특별법범,소계,소계,전과,5범,16674
2023,특별법범,가정폭력범죄의처벌등에관한특례법,소계,전과,5범,64
2023,특별법범,가축분뇨의관리및이용에관한법률,소계,전과,5범,26
2023,특별법범,감염병의예방및관리에관한법률,소계,전과,5범,140
2023,특별법범,개발제한구역의지정및관리에관한특별조치법,소계,전과,5범,14
2023,특별법범,개인정보보호법,소계,전과,5범,23
2023,특별법범,건강기능식품에관한법률,소계,전과,5범,2
2023,특별법범,건설기계관리법,소계,전과,5범,13
2023,특별법범,건설산업기본법,소계,전과,5범,64
2023,특별법범,건축법,소계,전과,5범,65
2023,특별법범,게임산업진흥에관한법률,소계,전과,5범,206
2023,특별법범,결혼중개업의관리에관한법률,소계,전과,5범,4
2023,특별법범,경범죄처벌법,소계,전과,5범,372
2023,특별법범,고용보험법,소계,전과,5범,18
2023,특별법범,공유수면관리및매립에관한법률,소계,전과,5범,10
2023,특별법범,공유재산및물품관리법,소계,전과,5범,1
2023,특별법범,공인중개사법,소계,전과,5범,82
2023,특별법범,공중위생관리법,소계,전과,5범,36
2023,특별법범,공직선거법,소계,전과,5범,3
2023,특별법범,관세법,소계,전과,5범,1
2023,특별법범,교통사고처리특례법,소계,전과,5범,1822
2023,특별법범,국가기술자격법,소계,전과,5범,2
2023,특별법범,국가보안법,소계,전과,5범,2
2023,특별법범,국민체육진흥법,소계,전과,5범,7
2023,특별법범,국토의계획및이용에관한법률,소계,전과,5범,62
2023,특별법범,근로기준법,소계,전과,5범,249
2023,특별법범,근로자퇴직급여보장법,소계,전과,5범,46
2023,특별법범,낚시관리및육성법,소계,전과,5범,5
2023,특별법범,노동조합및노동관계조정법,소계,전과,5범,3
2023,특별법범,농수산물유통및가격안정에관한법률,소계,전과,5범,5
2023,특별법범,농수산물의원산지표시등에관한법률,소계,전과,5범,23
2023,특별법범,농지법,소계,전과,5범,27
2023,특별법범,대기환경보전법,소계,전과,5범,78
2023,특별법범,대부업등의등록및금융이용자보호에관한법률,소계,전과,5범,52
2023,특별법범,도로교통법,소계,전과,5범,336
2023,특별법범,도로교통법(무면허운전),소계,전과,5범,1104
2023,특별법범,도로교통법(사고후미조치),소계,전과,5범,180
2023,특별법범,도로교통법(음주운전),소계,전과,5범,4192
2023,특별법범,도로교통법(음주측정거부),소계,전과,5범,193
2023,특별법범,도로법,소계,전과,5범,326
2023,특별법범,도시및주거환경정비법,소계,전과,5범,10
2023,특별법범,마약류관리에관한법률(대마),소계,전과,5범,53
2023,특별법범,마약류관리에관한법률(마약),소계,전과,5범,57
2023,특별법범,마약류관리에관한법률(향정),소계,전과,5범,412
2023,특별법범,물환경보전법,소계,전과,5범,18
2023,특별법범,범죄수익은닉의규제및처벌등에관한법률,소계,전과,5범,10
2023,특별법범,변호사법,소계,전과,5범,8
2023,특별법범,병역법,소계,전과,5범,88
2023,특별법범,보조금관리에관한법률,소계,전과,5범,35
2023,특별법범,부동산실권리자명의등기에관한법률,소계,전과,5범,15
2023,특별법범,부정경쟁방지및영업비밀보호에관한법률,소계,전과,5범,7
2023,특별법범,부정수표단속법,소계,전과,5범,8
2023,특별법범,사행행위등규제및처벌특례법,소계,전과,5범,5
2023,특별법범,산림자원의조성및관리에관한법률,소계,전과,5범,15
2023,특별법범,산업안전보건법,소계,전과,5범,54
2023,특별법범,산지관리법,소계,전과,5범,65
2023,특별법범,상표법,소계,전과,5범,55
2023,특별법범,석유및석유대체연료사업법,소계,전과,5범,14
2023,특별법범,선박안전법,소계,전과,5범,13
2023,특별법범,선박직원법,소계,전과,5범,11
2023,특별법범,성매매알선등행위의처벌에관한법률,소계,전과,5범,220
2023,특별법범,수도법,소계,전과,5범,5
2023,특별법범,수산업법,소계,전과,5범,30
2023,특별법범,수산자원관리법,소계,전과,5범,23
2023,특별법범,스토킹범죄의처벌등에관한법률,소계,전과,5범,355
2023,특별법범,식품위생법,소계,전과,5범,210
2023,특별법범,신용정보의이용및보호에관한법률,소계,전과,5범,2
2023,특별법범,아동?청소년의성보호에관한법률(성매수등),소계,전과,5범,22
2023,특별법범,아동·청소년의성보호에관한법률(성착취물등),소계,전과,5범,10
2023,특별법범,아동복지법,소계,전과,5범,385
2023,특별법범,액화석유가스의안전관리및사업법,소계,전과,5범,9
2023,특별법범,약사법,소계,전과,5범,35
2023,특별법범,여객자동차운수사업법,소계,전과,5범,38
2023,특별법범,여신전문금융업법,소계,전과,5범,33
2023,특별법범,영유아보육법,소계,전과,5범,2
2023,특별법범,예비군법,소계,전과,5범,97
2023,특별법범,옥외광고물등의관리와옥외광고산업진흥에관한법률,소계,전과,5범,3
2023,특별법범,외국환거래법,소계,전과,5범,10
2023,특별법범,위험물안전관리법,소계,전과,5범,3
2023,특별법범,유사수신행위의규제에관한법률,소계,전과,5범,55
2023,특별법범,의료기기법,소계,전과,5범,4
2023,특별법범,의료법,소계,전과,5범,72
2023,특별법범,자동차관리법,소계,전과,5범,746
2023,특별법범,자동차손해배상보장법,소계,전과,5범,305
2023,특별법범,자본시장과금융투자업에관한법률,소계,전과,5범,10
2023,특별법범,저작권법,소계,전과,5범,91
2023,특별법범,전자금융거래법,소계,전과,5범,362
2023,특별법범,전파법,소계,전과,5범,6
2023,특별법범,정보통신망이용촉진및정보보호등에관한법률,소계,전과,5범,120
2023,특별법범,조세범처벌법,소계,전과,5범,92
2023,특별법범,주민등록법,소계,전과,5범,43
2023,특별법범,주차장법,소계,전과,5범,5
2023,특별법범,주택법,소계,전과,5범,16
2023,특별법범,중대재해처벌등에관한법률,소계,전과,5범,1
2023,특별법범,직업안정법,소계,전과,5범,15
2023,특별법범,집회및시위에관한법률,소계,전과,5범,27
2023,특별법범,청소년보호법,소계,전과,5범,155
2023,특별법범,총포?도검?화약류등의안전관리에관한법률,소계,전과,5범,15
2023,특별법범,최저임금법,소계,전과,5범,4
2023,특별법범,축산물위생관리법,소계,전과,5범,7
2023,특별법범,출입국관리법,소계,전과,5범,39
2023,특별법범,통신비밀보호법,소계,전과,5범,1
2023,특별법범,특가법(도주차량),소계,전과,5범,227
2023,특별법범,특허법,소계,전과,5범,1
2023,특별법범,폐기물관리법,소계,전과,5범,90
2023,특별법범,풍속영업의규제에관한법률,소계,전과,5범,4
2023,특별법범,하천법,소계,전과,5범,6
2023,특별법범,화물자동차운수사업법,소계,전과,5범,69
2023,특별법범,화재의예방및안전에관한법률/소방시설설치및관리에관한법률,소계,전과,5범,16
2023,특별법범,화학물질관리법,소계,전과,5범,13
2023,특별법범,기타특별법,소계,전과,5범,1754
2023,합계,소계,소계,전과,6범,30705
2023,형법범,소계,소계,전과,6범,17719
2023,형법범,재산범죄,소계,전과,6범,8097
2023,형법범,재산범죄,절도,전과,6범,2355
2023,형법범,재산범죄,장물,전과,6범,18
2023,형법범,재산범죄,사기,전과,6범,3914
2023,형법범,재산범죄,횡령,전과,6범,665
2023,형법범,재산범죄,배임,전과,6범,50
2023,형법범,재산범죄,손괴,전과,6범,1095
2023,형법범,강력범죄(흉악),소계,전과,6범,648
2023,형법범,강력범죄(흉악),살인,전과,6범,27
2023,형법범,강력범죄(흉악),강도,전과,6범,14
2023,형법범,강력범죄(흉악),방화,전과,6범,37
2023,형법범,강력범죄(흉악),성폭력,전과,6범,570
2023,형법범,강력범죄(폭력),소계,전과,6범,5957
2023,형법범,강력범죄(폭력),폭행,전과,6범,3723
2023,형법범,강력범죄(폭력),상해,전과,6범,1143
2023,형법범,강력범죄(폭력),협박,전과,6범,652
2023,형법범,강력범죄(폭력),공갈,전과,6범,271
2023,형법범,강력범죄(폭력),약취와유인,전과,6범,5
2023,형법범,강력범죄(폭력),체포와감금,전과,6범,46
2023,형법범,강력범죄(폭력),폭력행위등(손괴강요주거침입등),전과,6범,100
2023,형법범,강력범죄(폭력),폭력행위등(단체등의구성?활동),전과,6범,17
2023,형법범,위조범죄,소계,전과,6범,234
2023,형법범,위조범죄,통화,전과,6범,1
2023,형법범,위조범죄,문서,전과,6범,214
2023,형법범,위조범죄,인장,전과,6범,19
2023,형법범,공무원범죄,소계,전과,6범,5
2023,형법범,공무원범죄,직권남용,전과,6범,1
2023,형법범,공무원범죄,수뢰,전과,6범,2
2023,형법범,공무원범죄,증뢰,전과,6범,2
2023,형법범,풍속범죄,소계,전과,6범,596
2023,형법범,풍속범죄,도박과복표,전과,6범,546
2023,형법범,풍속범죄,신앙,전과,6범,5
2023,형법범,풍속범죄,기타음란행위,전과,6범,45
2023,형법범,과실범죄,소계,전과,6범,230
2023,형법범,과실범죄,과실치사상,전과,6범,37
2023,형법범,과실범죄,업무상과실치사상,전과,6범,135
2023,형법범,과실범죄,실화,전과,6범,58
2023,형법범,기타형법범죄,소계,전과,6범,1952
2023,형법범,기타형법범죄,명예,전과,6범,371
2023,형법범,기타형법범죄,권리행사방해,전과,6범,77
2023,형법범,기타형법범죄,신용업무경매,전과,6범,597
2023,형법범,기타형법범죄,주거침입,전과,6범,303
2023,형법범,기타형법범죄,비밀침해,전과,6범,1
2023,형법범,기타형법범죄,유기,전과,6범,1
2023,형법범,기타형법범죄,교통방해,전과,6범,34
2023,형법범,기타형법범죄,공무방해,전과,6범,481
2023,형법범,기타형법범죄,도주와범인은닉,전과,6범,14
2023,형법범,기타형법범죄,위증과증거인멸,전과,6범,13
2023,형법범,기타형법범죄,무고,전과,6범,34
2023,형법범,기타형법범죄,공안을해하는죄,전과,6범,24
2023,형법범,기타형법범죄,음용수에관한죄,전과,6범,2
2023,특별법범,소계,소계,전과,6범,12986
2023,특별법범,가정폭력범죄의처벌등에관한특례법,소계,전과,6범,59
2023,특별법범,가축분뇨의관리및이용에관한법률,소계,전과,6범,24
2023,특별법범,감염병의예방및관리에관한법률,소계,전과,6범,92
2023,특별법범,개발제한구역의지정및관리에관한특별조치법,소계,전과,6범,14
2023,특별법범,개인정보보호법,소계,전과,6범,26
2023,특별법범,건강기능식품에관한법률,소계,전과,6범,1
2023,특별법범,건설기계관리법,소계,전과,6범,13
2023,특별법범,건설산업기본법,소계,전과,6범,45
2023,특별법범,건축법,소계,전과,6범,56
2023,특별법범,게임산업진흥에관한법률,소계,전과,6범,148
2023,특별법범,결혼중개업의관리에관한법률,소계,전과,6범,2
2023,특별법범,경범죄처벌법,소계,전과,6범,314
2023,특별법범,고용보험법,소계,전과,6범,17
2023,특별법범,공유수면관리및매립에관한법률,소계,전과,6범,7
2023,특별법범,공유재산및물품관리법,소계,전과,6범,5
2023,특별법범,공인중개사법,소계,전과,6범,48
2023,특별법범,공중위생관리법,소계,전과,6범,22
2023,특별법범,공직선거법,소계,전과,6범,2
2023,특별법범,교통사고처리특례법,소계,전과,6범,1483
2023,특별법범,국가기술자격법,소계,전과,6범,1
2023,특별법범,국가보안법,소계,전과,6범,1
2023,특별법범,국민체육진흥법,소계,전과,6범,9
2023,특별법범,국토의계획및이용에관한법률,소계,전과,6범,47
2023,특별법범,근로기준법,소계,전과,6범,187
2023,특별법범,근로자퇴직급여보장법,소계,전과,6범,35
2023,특별법범,낚시관리및육성법,소계,전과,6범,9
2023,특별법범,노동조합및노동관계조정법,소계,전과,6범,3
2023,특별법범,농수산물유통및가격안정에관한법률,소계,전과,6범,6
2023,특별법범,농수산물의원산지표시등에관한법률,소계,전과,6범,12
2023,특별법범,농지법,소계,전과,6범,28
2023,특별법범,대기환경보전법,소계,전과,6범,51
2023,특별법범,대부업등의등록및금융이용자보호에관한법률,소계,전과,6범,62
2023,특별법범,도로교통법,소계,전과,6범,294
2023,특별법범,도로교통법(무면허운전),소계,전과,6범,879
2023,특별법범,도로교통법(사고후미조치),소계,전과,6범,150
2023,특별법범,도로교통법(음주운전),소계,전과,6범,3195
2023,특별법범,도로교통법(음주측정거부),소계,전과,6범,184
2023,특별법범,도로법,소계,전과,6범,287
2023,특별법범,도시및주거환경정비법,소계,전과,6범,6
2023,특별법범,마약류관리에관한법률(대마),소계,전과,6범,47
2023,특별법범,마약류관리에관한법률(마약),소계,전과,6범,40
2023,특별법범,마약류관리에관한법률(향정),소계,전과,6범,290
2023,특별법범,물환경보전법,소계,전과,6범,13
2023,특별법범,범죄수익은닉의규제및처벌등에관한법률,소계,전과,6범,9
2023,특별법범,변호사법,소계,전과,6범,12
2023,특별법범,병역법,소계,전과,6범,61
2023,특별법범,보조금관리에관한법률,소계,전과,6범,26
2023,특별법범,부동산실권리자명의등기에관한법률,소계,전과,6범,10
2023,특별법범,부정경쟁방지및영업비밀보호에관한법률,소계,전과,6범,3
2023,특별법범,부정수표단속법,소계,전과,6범,14
2023,특별법범,사행행위등규제및처벌특례법,소계,전과,6범,10
2023,특별법범,산림자원의조성및관리에관한법률,소계,전과,6범,14
2023,특별법범,산업안전보건법,소계,전과,6범,26
2023,특별법범,산지관리법,소계,전과,6범,39
2023,특별법범,상표법,소계,전과,6범,40
2023,특별법범,석유및석유대체연료사업법,소계,전과,6범,19
2023,특별법범,선박안전법,소계,전과,6범,10
2023,특별법범,선박직원법,소계,전과,6범,7
2023,특별법범,성매매알선등행위의처벌에관한법률,소계,전과,6범,163
2023,특별법범,수도법,소계,전과,6범,6
2023,특별법범,수산업법,소계,전과,6범,36
2023,특별법범,수산자원관리법,소계,전과,6범,13
2023,특별법범,스토킹범죄의처벌등에관한법률,소계,전과,6범,323
2023,특별법범,식품위생법,소계,전과,6범,173
2023,특별법범,아동?청소년의성보호에관한법률(성매수등),소계,전과,6범,11
2023,특별법범,아동·청소년의성보호에관한법률(성착취물등),소계,전과,6범,14
2023,특별법범,아동복지법,소계,전과,6범,278
2023,특별법범,액화석유가스의안전관리및사업법,소계,전과,6범,2
2023,특별법범,약사법,소계,전과,6범,22
2023,특별법범,여객자동차운수사업법,소계,전과,6범,25
2023,특별법범,여신전문금융업법,소계,전과,6범,23
2023,특별법범,예비군법,소계,전과,6범,74
2023,특별법범,옥외광고물등의관리와옥외광고산업진흥에관한법률,소계,전과,6범,4
2023,특별법범,외국환거래법,소계,전과,6범,5
2023,특별법범,위험물안전관리법,소계,전과,6범,4
2023,특별법범,유사수신행위의규제에관한법률,소계,전과,6범,40
2023,특별법범,의료기기법,소계,전과,6범,1
2023,특별법범,의료법,소계,전과,6범,34
2023,특별법범,자동차관리법,소계,전과,6범,531
2023,특별법범,자동차손해배상보장법,소계,전과,6범,225
2023,특별법범,자본시장과금융투자업에관한법률,소계,전과,6범,9
2023,특별법범,저작권법,소계,전과,6범,52
2023,특별법범,전자금융거래법,소계,전과,6범,288
2023,특별법범,전파법,소계,전과,6범,3
2023,특별법범,정보통신망이용촉진및정보보호등에관한법률,소계,전과,6범,91
2023,특별법범,조세범처벌법,소계,전과,6범,78
2023,특별법범,주민등록법,소계,전과,6범,23
2023,특별법범,주차장법,소계,전과,6범,4
2023,특별법범,주택법,소계,전과,6범,16
2023,특별법범,직업안정법,소계,전과,6범,10
2023,특별법범,집회및시위에관한법률,소계,전과,6범,21
2023,특별법범,청소년보호법,소계,전과,6범,95
2023,특별법범,총포?도검?화약류등의안전관리에관한법률,소계,전과,6범,11
2023,특별법범,최저임금법,소계,전과,6범,2
2023,특별법범,축산물위생관리법,소계,전과,6범,4
2023,특별법범,출입국관리법,소계,전과,6범,29
2023,특별법범,통신비밀보호법,소계,전과,6범,2
2023,특별법범,특가법(도주차량),소계,전과,6범,186
2023,특별법범,폐기물관리법,소계,전과,6범,56
2023,특별법범,풍속영업의규제에관한법률,소계,전과,6범,7
2023,특별법범,하천법,소계,전과,6범,3
2023,특별법범,학원의설립운영및과외교습에관한법률,소계,전과,6범,1
2023,특별법범,화물자동차운수사업법,소계,전과,6범,40
2023,특별법범,화재의예방및안전에관한법률/소방시설설치및관리에관한법률,소계,전과,6범,7
2023,특별법범,화학물질관리법,소계,전과,6범,16
2023,특별법범,기타특별법,소계,전과,6범,1411
2023,합계,소계,소계,전과,7범,24830
2023,형법범,소계,소계,전과,7범,14856
2023,형법범,재산범죄,소계,전과,7범,6789
2023,형법범,재산범죄,절도,전과,7범,2049
2023,형법범,재산범죄,장물,전과,7범,13
2023,형법범,재산범죄,사기,전과,7범,3356
2023,형법범,재산범죄,횡령,전과,7범,526
2023,형법범,재산범죄,배임,전과,7범,37
2023,형법범,재산범죄,손괴,전과,7범,808
2023,형법범,강력범죄(흉악),소계,전과,7범,543
2023,형법범,강력범죄(흉악),살인,전과,7범,18
2023,형법범,강력범죄(흉악),강도,전과,7범,19
2023,형법범,강력범죄(흉악),방화,전과,7범,30
2023,형법범,강력범죄(흉악),성폭력,전과,7범,476
2023,형법범,강력범죄(폭력),소계,전과,7범,4874
2023,형법범,강력범죄(폭력),폭행,전과,7범,3132
2023,형법범,강력범죄(폭력),상해,전과,7범,890
2023,형법범,강력범죄(폭력),협박,전과,7범,503
2023,형법범,강력범죄(폭력),공갈,전과,7범,208
2023,형법범,강력범죄(폭력),약취와유인,전과,7범,5
2023,형법범,강력범죄(폭력),체포와감금,전과,7범,32
2023,형법범,강력범죄(폭력),폭력행위등(손괴강요주거침입등),전과,7범,81
2023,형법범,강력범죄(폭력),폭력행위등(단체등의구성?활동),전과,7범,23
2023,형법범,위조범죄,소계,전과,7범,169
2023,형법범,위조범죄,통화,전과,7범,1
2023,형법범,위조범죄,유가증권·인지·우표,전과,7범,1
2023,형법범,위조범죄,문서,전과,7범,161
2023,형법범,위조범죄,인장,전과,7범,6
2023,형법범,공무원범죄,소계,전과,7범,5
2023,형법범,공무원범죄,수뢰,전과,7범,4
2023,형법범,공무원범죄,증뢰,전과,7범,1
2023,형법범,풍속범죄,소계,전과,7범,495
2023,형법범,풍속범죄,도박과복표,전과,7범,454
2023,형법범,풍속범죄,신앙,전과,7범,6
2023,형법범,풍속범죄,기타음란행위,전과,7범,35
2023,형법범,과실범죄,소계,전과,7범,175
2023,형법범,과실범죄,과실치사상,전과,7범,30
2023,형법범,과실범죄,업무상과실치사상,전과,7범,100
2023,형법범,과실범죄,실화,전과,7범,45
2023,형법범,기타형법범죄,소계,전과,7범,1806
2023,형법범,기타형법범죄,명예,전과,7범,346
2023,형법범,기타형법범죄,권리행사방해,전과,7범,75
2023,형법범,기타형법범죄,신용업무경매,전과,7범,554
2023,형법범,기타형법범죄,주거침입,전과,7범,290
2023,형법범,기타형법범죄,비밀침해,전과,7범,1
2023,형법범,기타형법범죄,교통방해,전과,7범,35
2023,형법범,기타형법범죄,공무방해,전과,7범,436
2023,형법범,기타형법범죄,도주와범인은닉,전과,7범,7
2023,형법범,기타형법범죄,위증과증거인멸,전과,7범,10
2023,형법범,기타형법범죄,무고,전과,7범,32
2023,형법범,기타형법범죄,공안을해하는죄,전과,7범,20
2023,특별법범,소계,소계,전과,7범,9974
2023,특별법범,가정폭력범죄의처벌등에관한특례법,소계,전과,7범,55
2023,특별법범,가축분뇨의관리및이용에관한법률,소계,전과,7범,26
2023,특별법범,감염병의예방및관리에관한법률,소계,전과,7범,48
2023,특별법범,개발제한구역의지정및관리에관한특별조치법,소계,전과,7범,9
2023,특별법범,개인정보보호법,소계,전과,7범,18
2023,특별법범,건강기능식품에관한법률,소계,전과,7범,1
2023,특별법범,건설기계관리법,소계,전과,7범,11
2023,특별법범,건설산업기본법,소계,전과,7범,35
2023,특별법범,건축법,소계,전과,7범,48
2023,특별법범,게임산업진흥에관한법률,소계,전과,7범,117
2023,특별법범,결혼중개업의관리에관한법률,소계,전과,7범,1
2023,특별법범,경범죄처벌법,소계,전과,7범,262
2023,특별법범,고용보험법,소계,전과,7범,19
2023,특별법범,공유수면관리및매립에관한법률,소계,전과,7범,8
2023,특별법범,공유재산및물품관리법,소계,전과,7범,4
2023,특별법범,공인중개사법,소계,전과,7범,48
2023,특별법범,공중위생관리법,소계,전과,7범,11
2023,특별법범,공직선거법,소계,전과,7범,1
2023,특별법범,교통사고처리특례법,소계,전과,7범,1080
2023,특별법범,국가기술자격법,소계,전과,7범,1
2023,특별법범,국가보안법,소계,전과,7범,1
2023,특별법범,국민체육진흥법,소계,전과,7범,6
2023,특별법범,국토의계획및이용에관한법률,소계,전과,7범,48
2023,특별법범,근로기준법,소계,전과,7범,190
2023,특별법범,근로자퇴직급여보장법,소계,전과,7범,35
2023,특별법범,낚시관리및육성법,소계,전과,7범,5
2023,특별법범,농수산물유통및가격안정에관한법률,소계,전과,7범,3
2023,특별법범,농수산물의원산지표시등에관한법률,소계,전과,7범,12
2023,특별법범,농지법,소계,전과,7범,17
2023,특별법범,대기환경보전법,소계,전과,7범,57
2023,특별법범,대부업등의등록및금융이용자보호에관한법률,소계,전과,7범,30
2023,특별법범,도로교통법,소계,전과,7범,222
2023,특별법범,도로교통법(무면허운전),소계,전과,7범,782
2023,특별법범,도로교통법(사고후미조치),소계,전과,7범,112
2023,특별법범,도로교통법(음주운전),소계,전과,7범,2439
2023,특별법범,도로교통법(음주측정거부),소계,전과,7범,133
2023,특별법범,도로법,소계,전과,7범,225
2023,특별법범,도시및주거환경정비법,소계,전과,7범,5
2023,특별법범,디자인보호법,소계,전과,7범,2
2023,특별법범,마약류관리에관한법률(대마),소계,전과,7범,28
2023,특별법범,마약류관리에관한법률(마약),소계,전과,7범,23
2023,특별법범,마약류관리에관한법률(향정),소계,전과,7범,243
2023,특별법범,물환경보전법,소계,전과,7범,12
2023,특별법범,범죄수익은닉의규제및처벌등에관한법률,소계,전과,7범,3
2023,특별법범,변호사법,소계,전과,7범,6
2023,특별법범,병역법,소계,전과,7범,44
2023,특별법범,보조금관리에관한법률,소계,전과,7범,19
2023,특별법범,부동산실권리자명의등기에관한법률,소계,전과,7범,9
2023,특별법범,부정경쟁방지및영업비밀보호에관한법률,소계,전과,7범,1
2023,특별법범,부정수표단속법,소계,전과,7범,4
2023,특별법범,사행행위등규제및처벌특례법,소계,전과,7범,1
2023,특별법범,산림자원의조성및관리에관한법률,소계,전과,7범,12
2023,특별법범,산업안전보건법,소계,전과,7범,30
2023,특별법범,산지관리법,소계,전과,7범,34
2023,특별법범,상표법,소계,전과,7범,18
2023,특별법범,석유및석유대체연료사업법,소계,전과,7범,10
2023,특별법범,선박안전법,소계,전과,7범,9
2023,특별법범,선박직원법,소계,전과,7범,7
2023,특별법범,성매매알선등행위의처벌에관한법률,소계,전과,7범,104
2023,특별법범,수도법,소계,전과,7범,3
2023,특별법범,수산업법,소계,전과,7범,24
2023,특별법범,수산자원관리법,소계,전과,7범,19
2023,특별법범,스토킹범죄의처벌등에관한법률,소계,전과,7범,239
2023,특별법범,식품위생법,소계,전과,7범,123
2023,특별법범,아동?청소년의성보호에관한법률(성매수등),소계,전과,7범,14
2023,특별법범,아동·청소년의성보호에관한법률(성착취물등),소계,전과,7범,4
2023,특별법범,아동복지법,소계,전과,7범,239
2023,특별법범,액화석유가스의안전관리및사업법,소계,전과,7범,2
2023,특별법범,약사법,소계,전과,7범,10
2023,특별법범,여객자동차운수사업법,소계,전과,7범,19
2023,특별법범,여신전문금융업법,소계,전과,7범,23
2023,특별법범,영유아보육법,소계,전과,7범,1
2023,특별법범,예비군법,소계,전과,7범,43
2023,특별법범,옥외광고물등의관리와옥외광고산업진흥에관한법률,소계,전과,7범,2
2023,특별법범,외국환거래법,소계,전과,7범,2
2023,특별법범,위험물안전관리법,소계,전과,7범,3
2023,특별법범,유사수신행위의규제에관한법률,소계,전과,7범,30
2023,특별법범,의료기기법,소계,전과,7범,1
2023,특별법범,의료법,소계,전과,7범,27
2023,특별법범,자동차관리법,소계,전과,7범,401
2023,특별법범,자동차손해배상보장법,소계,전과,7범,164
2023,특별법범,자본시장과금융투자업에관한법률,소계,전과,7범,4
2023,특별법범,저작권법,소계,전과,7범,40
2023,특별법범,전자금융거래법,소계,전과,7범,229
2023,특별법범,전파법,소계,전과,7범,1
2023,특별법범,정보통신망이용촉진및정보보호등에관한법률,소계,전과,7범,83
2023,특별법범,조세범처벌법,소계,전과,7범,66
2023,특별법범,주민등록법,소계,전과,7범,28
2023,특별법범,주택법,소계,전과,7범,7
2023,특별법범,직업안정법,소계,전과,7범,10
2023,특별법범,집회및시위에관한법률,소계,전과,7범,10
2023,특별법범,청소년보호법,소계,전과,7범,83
2023,특별법범,총포?도검?화약류등의안전관리에관한법률,소계,전과,7범,9
2023,특별법범,최저임금법,소계,전과,7범,3
2023,특별법범,축산물위생관리법,소계,전과,7범,5
2023,특별법범,출입국관리법,소계,전과,7범,21
2023,특별법범,통신비밀보호법,소계,전과,7범,2
2023,특별법범,특가법(도주차량),소계,전과,7범,135
2023,특별법범,폐기물관리법,소계,전과,7범,50
2023,특별법범,풍속영업의규제에관한법률,소계,전과,7범,5
2023,특별법범,하천법,소계,전과,7범,3
2023,특별법범,화물자동차운수사업법,소계,전과,7범,31
2023,특별법범,화재의예방및안전에관한법률/소방시설설치및관리에관한법률,소계,전과,7범,3
2023,특별법범,화학물질관리법,소계,전과,7범,5
2023,특별법범,기타특별법,소계,전과,7범,1004
2023,합계,소계,소계,전과,8범,20192
2023,형법범,소계,소계,전과,8범,12076
2023,형법범,재산범죄,소계,전과,8범,5567
2023,형법범,재산범죄,절도,전과,8범,1682
2023,형법범,재산범죄,장물,전과,8범,12
2023,형법범,재산범죄,사기,전과,8범,2757
2023,형법범,재산범죄,횡령,전과,8범,397
2023,형법범,재산범죄,배임,전과,8범,41
2023,형법범,재산범죄,손괴,전과,8범,678
2023,형법범,강력범죄(흉악),소계,전과,8범,467
2023,형법범,강력범죄(흉악),살인,전과,8범,14
2023,형법범,강력범죄(흉악),강도,전과,8범,23
2023,형법범,강력범죄(흉악),방화,전과,8범,28
2023,형법범,강력범죄(흉악),성폭력,전과,8범,402
2023,형법범,강력범죄(폭력),소계,전과,8범,4016
2023,형법범,강력범죄(폭력),폭행,전과,8범,2490
2023,형법범,강력범죄(폭력),상해,전과,8범,781
2023,형법범,강력범죄(폭력),협박,전과,8범,466
2023,형법범,강력범죄(폭력),공갈,전과,8범,171
2023,형법범,강력범죄(폭력),약취와유인,전과,8범,1
2023,형법범,강력범죄(폭력),체포와감금,전과,8범,30
2023,형법범,강력범죄(폭력),폭력행위등(손괴강요주거침입등),전과,8범,58
2023,형법범,강력범죄(폭력),폭력행위등(단체등의구성?활동),전과,8범,19
2023,형법범,위조범죄,소계,전과,8범,124
2023,형법범,위조범죄,유가증권·인지·우표,전과,8범,1
2023,형법범,위조범죄,문서,전과,8범,115
2023,형법범,위조범죄,인장,전과,8범,8
2023,형법범,공무원범죄,소계,전과,8범,2
2023,형법범,공무원범죄,수뢰,전과,8범,2
2023,형법범,풍속범죄,소계,전과,8범,411
2023,형법범,풍속범죄,도박과복표,전과,8범,389
2023,형법범,풍속범죄,신앙,전과,8범,6
2023,형법범,풍속범죄,기타음란행위,전과,8범,16
2023,형법범,과실범죄,소계,전과,8범,93
2023,형법범,과실범죄,과실치사상,전과,8범,19
2023,형법범,과실범죄,업무상과실치사상,전과,8범,57
2023,형법범,과실범죄,실화,전과,8범,17
2023,형법범,기타형법범죄,소계,전과,8범,1396
2023,형법범,기타형법범죄,명예,전과,8범,234
2023,형법범,기타형법범죄,권리행사방해,전과,8범,49
2023,형법범,기타형법범죄,신용업무경매,전과,8범,449
2023,형법범,기타형법범죄,주거침입,전과,8범,207
2023,형법범,기타형법범죄,교통방해,전과,8범,21
2023,형법범,기타형법범죄,공무방해,전과,8범,365
2023,형법범,기타형법범죄,도주와범인은닉,전과,8범,11
2023,형법범,기타형법범죄,위증과증거인멸,전과,8범,13
2023,형법범,기타형법범죄,무고,전과,8범,32
2023,형법범,기타형법범죄,공안을해하는죄,전과,8범,15
2023,특별법범,소계,소계,전과,8범,8116
2023,특별법범,가정폭력범죄의처벌등에관한특례법,소계,전과,8범,52
2023,특별법범,가축분뇨의관리및이용에관한법률,소계,전과,8범,15
2023,특별법범,감염병의예방및관리에관한법률,소계,전과,8범,49
2023,특별법범,개발제한구역의지정및관리에관한특별조치법,소계,전과,8범,10
2023,특별법범,개인정보보호법,소계,전과,8범,13
2023,특별법범,건설기계관리법,소계,전과,8범,6
2023,특별법범,건설산업기본법,소계,전과,8범,30
2023,특별법범,건축법,소계,전과,8범,24
2023,특별법범,게임산업진흥에관한법률,소계,전과,8범,92
2023,특별법범,경범죄처벌법,소계,전과,8범,250
2023,특별법범,고용보험법,소계,전과,8범,5
2023,특별법범,공유수면관리및매립에관한법률,소계,전과,8범,10
2023,특별법범,공유재산및물품관리법,소계,전과,8범,3
2023,특별법범,공인중개사법,소계,전과,8범,31
2023,특별법범,공중위생관리법,소계,전과,8범,12
2023,특별법범,관세법,소계,전과,8범,1
2023,특별법범,교통사고처리특례법,소계,전과,8범,906
2023,특별법범,국가보안법,소계,전과,8범,2
2023,특별법범,국민체육진흥법,소계,전과,8범,5
2023,특별법범,국토의계획및이용에관한법률,소계,전과,8범,40
2023,특별법범,근로기준법,소계,전과,8범,131
2023,특별법범,근로자퇴직급여보장법,소계,전과,8범,18
2023,특별법범,낚시관리및육성법,소계,전과,8범,7
2023,특별법범,농수산물유통및가격안정에관한법률,소계,전과,8범,1
2023,특별법범,농수산물의원산지표시등에관한법률,소계,전과,8범,5
2023,특별법범,농지법,소계,전과,8범,19
2023,특별법범,대기환경보전법,소계,전과,8범,42
2023,특별법범,대부업등의등록및금융이용자보호에관한법률,소계,전과,8범,32
2023,특별법범,도로교통법,소계,전과,8범,186
2023,특별법범,도로교통법(무면허운전),소계,전과,8범,605
2023,특별법범,도로교통법(사고후미조치),소계,전과,8범,85
2023,특별법범,도로교통법(음주운전),소계,전과,8범,1913
2023,특별법범,도로교통법(음주측정거부),소계,전과,8범,105
2023,특별법범,도로법,소계,전과,8범,192
2023,특별법범,도시및주거환경정비법,소계,전과,8범,4
2023,특별법범,마약류관리에관한법률(대마),소계,전과,8범,27
2023,특별법범,마약류관리에관한법률(마약),소계,전과,8범,22
2023,특별법범,마약류관리에관한법률(향정),소계,전과,8범,236
2023,특별법범,물환경보전법,소계,전과,8범,8
2023,특별법범,범죄수익은닉의규제및처벌등에관한법률,소계,전과,8범,5
2023,특별법범,변호사법,소계,전과,8범,4
2023,특별법범,병역법,소계,전과,8범,25
2023,특별법범,보조금관리에관한법률,소계,전과,8범,12
2023,특별법범,부동산실권리자명의등기에관한법률,소계,전과,8범,15
2023,특별법범,부정경쟁방지및영업비밀보호에관한법률,소계,전과,8범,4
2023,특별법범,부정수표단속법,소계,전과,8범,4
2023,특별법범,사행행위등규제및처벌특례법,소계,전과,8범,2
2023,특별법범,산림자원의조성및관리에관한법률,소계,전과,8범,9
2023,특별법범,산업안전보건법,소계,전과,8범,11
2023,특별법범,산지관리법,소계,전과,8범,23
2023,특별법범,상표법,소계,전과,8범,14
2023,특별법범,석유및석유대체연료사업법,소계,전과,8범,13
2023,특별법범,선박안전법,소계,전과,8범,6
2023,특별법범,선박직원법,소계,전과,8범,8
2023,특별법범,성매매알선등행위의처벌에관한법률,소계,전과,8범,80
2023,특별법범,수도법,소계,전과,8범,2
2023,특별법범,수산업법,소계,전과,8범,23
2023,특별법범,수산자원관리법,소계,전과,8범,17
2023,특별법범,스토킹범죄의처벌등에관한법률,소계,전과,8범,189
2023,특별법범,식품위생법,소계,전과,8범,94
2023,특별법범,아동?청소년의성보호에관한법률(성매수등),소계,전과,8범,8
2023,특별법범,아동·청소년의성보호에관한법률(성착취물등),소계,전과,8범,3
2023,특별법범,아동복지법,소계,전과,8범,190
2023,특별법범,액화석유가스의안전관리및사업법,소계,전과,8범,2
2023,특별법범,약사법,소계,전과,8범,8
2023,특별법범,여객자동차운수사업법,소계,전과,8범,15
2023,특별법범,여신전문금융업법,소계,전과,8범,18
2023,특별법범,예비군법,소계,전과,8범,41
2023,특별법범,옥외광고물등의관리와옥외광고산업진흥에관한법률,소계,전과,8범,6
2023,특별법범,위험물안전관리법,소계,전과,8범,2
2023,특별법범,유사수신행위의규제에관한법률,소계,전과,8범,21
2023,특별법범,의료법,소계,전과,8범,20
2023,특별법범,자동차관리법,소계,전과,8범,323
2023,특별법범,자동차손해배상보장법,소계,전과,8범,175
2023,특별법범,자본시장과금융투자업에관한법률,소계,전과,8범,6
2023,특별법범,저작권법,소계,전과,8범,39
2023,특별법범,전자금융거래법,소계,전과,8범,173
2023,특별법범,전파법,소계,전과,8범,1
2023,특별법범,정보통신망이용촉진및정보보호등에관한법률,소계,전과,8범,65
2023,특별법범,조세범처벌법,소계,전과,8범,75
2023,특별법범,주민등록법,소계,전과,8범,14
2023,특별법범,주택법,소계,전과,8범,3
2023,특별법범,직업안정법,소계,전과,8범,9
2023,특별법범,집회및시위에관한법률,소계,전과,8범,9
2023,특별법범,청소년보호법,소계,전과,8범,58
2023,특별법범,총포?도검?화약류등의안전관리에관한법률,소계,전과,8범,15
2023,특별법범,최저임금법,소계,전과,8범,1
2023,특별법범,축산물위생관리법,소계,전과,8범,6
2023,특별법범,출입국관리법,소계,전과,8범,24
2023,특별법범,특가법(도주차량),소계,전과,8범,98
2023,특별법범,폐기물관리법,소계,전과,8범,32
2023,특별법범,풍속영업의규제에관한법률,소계,전과,8범,1
2023,특별법범,하천법,소계,전과,8범,7
2023,특별법범,학원의설립운영및과외교습에관한법률,소계,전과,8범,1
2023,특별법범,화물자동차운수사업법,소계,전과,8범,24
2023,특별법범,화재의예방및안전에관한법률/소방시설설치및관리에관한법률,소계,전과,8범,4
2023,특별법범,화학물질관리법,소계,전과,8범,8
2023,특별법범,기타특별법,소계,전과,8범,857
2023,합계,소계,소계,전과,9범이상,152343
2023,형법범,소계,소계,전과,9범이상,104804
2023,형법범,재산범죄,소계,전과,9범이상,56572
2023,형법범,재산범죄,절도,전과,9범이상,15527
2023,형법범,재산범죄,장물,전과,9범이상,66
2023,형법범,재산범죄,사기,전과,9범이상,32277
2023,형법범,재산범죄,횡령,전과,9범이상,3259
2023,형법범,재산범죄,배임,전과,9범이상,194
2023,형법범,재산범죄,손괴,전과,9범이상,5249
2023,형법범,강력범죄(흉악),소계,전과,9범이상,2877
2023,형법범,강력범죄(흉악),살인,전과,9범이상,134
2023,형법범,강력범죄(흉악),강도,전과,9범이상,192
2023,형법범,강력범죄(흉악),방화,전과,9범이상,215
2023,형법범,강력범죄(흉악),성폭력,전과,9범이상,2336
2023,형법범,강력범죄(폭력),소계,전과,9범이상,29120
2023,형법범,강력범죄(폭력),폭행,전과,9범이상,18055
2023,형법범,강력범죄(폭력),상해,전과,9범이상,5745
2023,형법범,강력범죄(폭력),협박,전과,9범이상,3383
2023,형법범,강력범죄(폭력),공갈,전과,9범이상,1112
2023,형법범,강력범죄(폭력),약취와유인,전과,9범이상,46
2023,형법범,강력범죄(폭력),체포와감금,전과,9범이상,235
2023,형법범,강력범죄(폭력),폭력행위등(손괴강요주거침입등),전과,9범이상,393
2023,형법범,강력범죄(폭력),폭력행위등(단체등의구성?활동),전과,9범이상,151
2023,형법범,위조범죄,소계,전과,9범이상,1011
2023,형법범,위조범죄,통화,전과,9범이상,2
2023,형법범,위조범죄,유가증권·인지·우표,전과,9범이상,11
2023,형법범,위조범죄,문서,전과,9범이상,944
2023,형법범,위조범죄,인장,전과,9범이상,54
2023,형법범,공무원범죄,소계,전과,9범이상,33
2023,형법범,공무원범죄,직무유기,전과,9범이상,2
2023,형법범,공무원범죄,직권남용,전과,9범이상,1
2023,형법범,공무원범죄,수뢰,전과,9범이상,18
2023,형법범,공무원범죄,증뢰,전과,9범이상,12
2023,형법범,풍속범죄,소계,전과,9범이상,2277
2023,형법범,풍속범죄,도박과복표,전과,9범이상,2009
2023,형법범,풍속범죄,신앙,전과,9범이상,16
2023,형법범,풍속범죄,기타음란행위,전과,9범이상,252
2023,형법범,과실범죄,소계,전과,9범이상,583
2023,형법범,과실범죄,과실치사상,전과,9범이상,149
2023,형법범,과실범죄,업무상과실치사상,전과,9범이상,284
2023,형법범,과실범죄,실화,전과,9범이상,150
2023,형법범,기타형법범죄,소계,전과,9범이상,12331
2023,형법범,기타형법범죄,명예,전과,9범이상,1866
2023,형법범,기타형법범죄,권리행사방해,전과,9범이상,412
2023,형법범,기타형법범죄,신용업무경매,전과,9범이상,4580
2023,형법범,기타형법범죄,주거침입,전과,9범이상,1877
2023,형법범,기타형법범죄,비밀침해,전과,9범이상,1
2023,형법범,기타형법범죄,유기,전과,9범이상,2
2023,형법범,기타형법범죄,교통방해,전과,9범이상,170
2023,형법범,기타형법범죄,공무방해,전과,9범이상,3005
2023,형법범,기타형법범죄,도주와범인은닉,전과,9범이상,60
2023,형법범,기타형법범죄,위증과증거인멸,전과,9범이상,57
2023,형법범,기타형법범죄,무고,전과,9범이상,189
2023,형법범,기타형법범죄,공안을해하는죄,전과,9범이상,111
2023,형법범,기타형법범죄,음용수에관한죄,전과,9범이상,1
2023,특별법범,소계,소계,전과,9범이상,47539
2023,특별법범,가정폭력범죄의처벌등에관한특례법,소계,전과,9범이상,268
2023,특별법범,가축분뇨의관리및이용에관한법률,소계,전과,9범이상,51
2023,특별법범,감염병의예방및관리에관한법률,소계,전과,9범이상,299
2023,특별법범,개발제한구역의지정및관리에관한특별조치법,소계,전과,9범이상,42
2023,특별법범,개인정보보호법,소계,전과,9범이상,73
2023,특별법범,건강기능식품에관한법률,소계,전과,9범이상,1
2023,특별법범,건설기계관리법,소계,전과,9범이상,43
2023,특별법범,건설산업기본법,소계,전과,9범이상,220
2023,특별법범,건축법,소계,전과,9범이상,166
2023,특별법범,게임산업진흥에관한법률,소계,전과,9범이상,482
2023,특별법범,결혼중개업의관리에관한법률,소계,전과,9범이상,3
2023,특별법범,경범죄처벌법,소계,전과,9범이상,2276
2023,특별법범,고용보험법,소계,전과,9범이상,30
2023,특별법범,공유수면관리및매립에관한법률,소계,전과,9범이상,44
2023,특별법범,공유재산및물품관리법,소계,전과,9범이상,19
2023,특별법범,공인중개사법,소계,전과,9범이상,130
2023,특별법범,공중위생관리법,소계,전과,9범이상,40
2023,특별법범,공직선거법,소계,전과,9범이상,3
2023,특별법범,관세법,소계,전과,9범이상,9
2023,특별법범,교통사고처리특례법,소계,전과,9범이상,4257
2023,특별법범,국가기술자격법,소계,전과,9범이상,3
2023,특별법범,국가보안법,소계,전과,9범이상,4
2023,특별법범,국민체육진흥법,소계,전과,9범이상,42
2023,특별법범,국토의계획및이용에관한법률,소계,전과,9범이상,260
2023,특별법범,근로기준법,소계,전과,9범이상,1115
2023,특별법범,근로자퇴직급여보장법,소계,전과,9범이상,142
2023,특별법범,낚시관리및육성법,소계,전과,9범이상,28
2023,특별법범,노동조합및노동관계조정법,소계,전과,9범이상,16
2023,특별법범,농수산물유통및가격안정에관한법률,소계,전과,9범이상,4
2023,특별법범,농수산물의원산지표시등에관한법률,소계,전과,9범이상,25
2023,특별법범,농지법,소계,전과,9범이상,89
2023,특별법범,대기환경보전법,소계,전과,9범이상,237
2023,특별법범,대부업등의등록및금융이용자보호에관한법률,소계,전과,9범이상,109
2023,특별법범,도로교통법,소계,전과,9범이상,1124
2023,특별법범,도로교통법(무면허운전),소계,전과,9범이상,3812
2023,특별법범,도로교통법(사고후미조치),소계,전과,9범이상,508
2023,특별법범,도로교통법(음주운전),소계,전과,9범이상,9153
2023,특별법범,도로교통법(음주측정거부),소계,전과,9범이상,673
2023,특별법범,도로법,소계,전과,9범이상,1032
2023,특별법범,도시및주거환경정비법,소계,전과,9범이상,23
2023,특별법범,디자인보호법,소계,전과,9범이상,2
2023,특별법범,마약류관리에관한법률(대마),소계,전과,9범이상,175
2023,특별법범,마약류관리에관한법률(마약),소계,전과,9범이상,92
2023,특별법범,마약류관리에관한법률(향정),소계,전과,9범이상,2610
2023,특별법범,물환경보전법,소계,전과,9범이상,22
2023,특별법범,범죄수익은닉의규제및처벌등에관한법률,소계,전과,9범이상,19
2023,특별법범,변호사법,소계,전과,9범이상,60
2023,특별법범,병역법,소계,전과,9범이상,102
2023,특별법범,보조금관리에관한법률,소계,전과,9범이상,60
2023,특별법범,부동산실권리자명의등기에관한법률,소계,전과,9범이상,81
2023,특별법범,부정경쟁방지및영업비밀보호에관한법률,소계,전과,9범이상,7
2023,특별법범,부정수표단속법,소계,전과,9범이상,38
2023,특별법범,사행행위등규제및처벌특례법,소계,전과,9범이상,17
2023,특별법범,산림자원의조성및관리에관한법률,소계,전과,9범이상,45
2023,특별법범,산업안전보건법,소계,전과,9범이상,58
2023,특별법범,산지관리법,소계,전과,9범이상,154
2023,특별법범,상표법,소계,전과,9범이상,73
2023,특별법범,석유및석유대체연료사업법,소계,전과,9범이상,39
2023,특별법범,선박안전법,소계,전과,9범이상,48
2023,특별법범,선박직원법,소계,전과,9범이상,45
2023,특별법범,성매매알선등행위의처벌에관한법률,소계,전과,9범이상,374
2023,특별법범,수도법,소계,전과,9범이상,7
2023,특별법범,수산업법,소계,전과,9범이상,210
2023,특별법범,수산자원관리법,소계,전과,9범이상,104
2023,특별법범,스토킹범죄의처벌등에관한법률,소계,전과,9범이상,1473
2023,특별법범,식품위생법,소계,전과,9범이상,454
2023,특별법범,신용정보의이용및보호에관한법률,소계,전과,9범이상,4
2023,특별법범,아동?청소년의성보호에관한법률(성매수등),소계,전과,9범이상,66
2023,특별법범,아동·청소년의성보호에관한법률(성착취물등),소계,전과,9범이상,23
2023,특별법범,아동복지법,소계,전과,9범이상,719
2023,특별법범,액화석유가스의안전관리및사업법,소계,전과,9범이상,7
2023,특별법범,약사법,소계,전과,9범이상,30
2023,특별법범,여객자동차운수사업법,소계,전과,9범이상,86
2023,특별법범,여신전문금융업법,소계,전과,9범이상,180
2023,특별법범,영유아보육법,소계,전과,9범이상,1
2023,특별법범,예비군법,소계,전과,9범이상,188
2023,특별법범,옥외광고물등의관리와옥외광고산업진흥에관한법률,소계,전과,9범이상,21
2023,특별법범,외국환거래법,소계,전과,9범이상,14
2023,특별법범,위험물안전관리법,소계,전과,9범이상,7
2023,특별법범,유사수신행위의규제에관한법률,소계,전과,9범이상,195
2023,특별법범,의료기기법,소계,전과,9범이상,3
2023,특별법범,의료법,소계,전과,9범이상,106
2023,특별법범,자동차관리법,소계,전과,9범이상,1747
2023,특별법범,자동차손해배상보장법,소계,전과,9범이상,1145
2023,특별법범,자본시장과금융투자업에관한법률,소계,전과,9범이상,31
2023,특별법범,저작권법,소계,전과,9범이상,145
2023,특별법범,전자금융거래법,소계,전과,9범이상,1134
2023,특별법범,전파법,소계,전과,9범이상,3
2023,특별법범,정보통신망이용촉진및정보보호등에관한법률,소계,전과,9범이상,491
2023,특별법범,조세범처벌법,소계,전과,9범이상,544
2023,특별법범,주민등록법,소계,전과,9범이상,145
2023,특별법범,주차장법,소계,전과,9범이상,7
2023,특별법범,주택법,소계,전과,9범이상,47
2023,특별법범,직업안정법,소계,전과,9범이상,35
2023,특별법범,집회및시위에관한법률,소계,전과,9범이상,82
2023,특별법범,청소년보호법,소계,전과,9범이상,220
2023,특별법범,총포?도검?화약류등의안전관리에관한법률,소계,전과,9범이상,29
2023,특별법범,최저임금법,소계,전과,9범이상,4
2023,특별법범,축산물위생관리법,소계,전과,9범이상,23
2023,특별법범,출입국관리법,소계,전과,9범이상,120
2023,특별법범,통신비밀보호법,소계,전과,9범이상,3
2023,특별법범,특가법(도주차량),소계,전과,9범이상,687
2023,특별법범,폐기물관리법,소계,전과,9범이상,395
2023,특별법범,풍속영업의규제에관한법률,소계,전과,9범이상,15
2023,특별법범,하천법,소계,전과,9범이상,20
2023,특별법범,학원의설립운영및과외교습에관한법률,소계,전과,9범이상,3
2023,특별법범,화물자동차운수사업법,소계,전과,9범이상,94
2023,특별법범,화재로인한재해보상과보험가입에관한법률,소계,전과,9범이상,1
2023,특별법범,화재의예방및안전에관한법률/소방시설설치및관리에관한법률,소계,전과,9범이상,30
2023,특별법범,화학물질관리법,소계,전과,9범이상,74
2023,특별법범,기타특별법,소계,전과,9범이상,5391
2023,합계,소계,소계,미상,소계,407261
2023,형법범,소계,소계,미상,소계,262530
2023,형법범,재산범죄,소계,미상,소계,118681
2023,형법범,재산범죄,절도,미상,소계,10539
2023,형법범,재산범죄,장물,미상,소계,138
2023,형법범,재산범죄,사기,미상,소계,82846
2023,형법범,재산범죄,횡령,미상,소계,12818
2023,형법범,재산범죄,배임,미상,소계,5392
2023,형법범,재산범죄,손괴,미상,소계,6948
2023,형법범,강력범죄(흉악),소계,미상,소계,10998
2023,형법범,강력범죄(흉악),살인,미상,소계,199
2023,형법범,강력범죄(흉악),강도,미상,소계,203
2023,형법범,강력범죄(흉악),방화,미상,소계,114
2023,형법범,강력범죄(흉악),성폭력,미상,소계,10482
2023,형법범,강력범죄(폭력),소계,미상,소계,69469
2023,형법범,강력범죄(폭력),폭행,미상,소계,54986
2023,형법범,강력범죄(폭력),상해,미상,소계,3279
2023,형법범,강력범죄(폭력),협박,미상,소계,7328
2023,형법범,강력범죄(폭력),공갈,미상,소계,1691
2023,형법범,강력범죄(폭력),약취와유인,미상,소계,191
2023,형법범,강력범죄(폭력),체포와감금,미상,소계,866
2023,형법범,강력범죄(폭력),폭력행위등(손괴강요주거침입등),미상,소계,1026
2023,형법범,강력범죄(폭력),폭력행위등(단체등의구성?활동),미상,소계,102
2023,형법범,위조범죄,소계,미상,소계,7255
2023,형법범,위조범죄,통화,미상,소계,44
2023,형법범,위조범죄,유가증권·인지·우표,미상,소계,66
2023,형법범,위조범죄,문서,미상,소계,6959
2023,형법범,위조범죄,인장,미상,소계,186
2023,형법범,공무원범죄,소계,미상,소계,4516
2023,형법범,공무원범죄,직무유기,미상,소계,1659
2023,형법범,공무원범죄,직권남용,미상,소계,2302
2023,형법범,공무원범죄,수뢰,미상,소계,377
2023,형법범,공무원범죄,증뢰,미상,소계,178
2023,형법범,풍속범죄,소계,미상,소계,1950
2023,형법범,풍속범죄,도박과복표,미상,소계,1491
2023,형법범,풍속범죄,신앙,미상,소계,219
2023,형법범,풍속범죄,기타음란행위,미상,소계,240
2023,형법범,과실범죄,소계,미상,소계,3296
2023,형법범,과실범죄,과실치사상,미상,소계,1066
2023,형법범,과실범죄,업무상과실치사상,미상,소계,2024
2023,형법범,과실범죄,실화,미상,소계,206
2023,형법범,기타형법범죄,소계,미상,소계,46365
2023,형법범,기타형법범죄,명예,미상,소계,21524
2023,형법범,기타형법범죄,권리행사방해,미상,소계,4004
2023,형법범,기타형법범죄,신용업무경매,미상,소계,7742
2023,형법범,기타형법범죄,주거침입,미상,소계,4087
2023,형법범,기타형법범죄,비밀침해,미상,소계,83
2023,형법범,기타형법범죄,유기,미상,소계,164
2023,형법범,기타형법범죄,교통방해,미상,소계,585
2023,형법범,기타형법범죄,공무방해,미상,소계,1108
2023,형법범,기타형법범죄,도주와범인은닉,미상,소계,171
2023,형법범,기타형법범죄,위증과증거인멸,미상,소계,2003
2023,형법범,기타형법범죄,무고,미상,소계,4617
2023,형법범,기타형법범죄,공안을해하는죄,미상,소계,229
2023,형법범,기타형법범죄,내란의죄,미상,소계,16
2023,형법범,기타형법범죄,음용수에관한죄,미상,소계,14
2023,형법범,기타형법범죄,일수와수리에관한죄,미상,소계,8
2023,형법범,기타형법범죄,기타,미상,소계,10
2023,특별법범,소계,소계,미상,소계,144731
2023,특별법범,가정폭력범죄의처벌등에관한특례법,소계,미상,소계,163
2023,특별법범,가축분뇨의관리및이용에관한법률,소계,미상,소계,219
2023,특별법범,감염병의예방및관리에관한법률,소계,미상,소계,871
2023,특별법범,개발제한구역의지정및관리에관한특별조치법,소계,미상,소계,113
2023,특별법범,개인정보보호법,소계,미상,소계,1888
2023,특별법범,건강기능식품에관한법률,소계,미상,소계,72
2023,특별법범,건설기계관리법,소계,미상,소계,52
2023,특별법범,건설산업기본법,소계,미상,소계,465
2023,특별법범,건축법,소계,미상,소계,528
2023,특별법범,게임산업진흥에관한법률,소계,미상,소계,616
2023,특별법범,결혼중개업의관리에관한법률,소계,미상,소계,42
2023,특별법범,경범죄처벌법,소계,미상,소계,1361
2023,특별법범,고용보험법,소계,미상,소계,3462
2023,특별법범,공유수면관리및매립에관한법률,소계,미상,소계,23
2023,특별법범,공유재산및물품관리법,소계,미상,소계,16
2023,특별법범,공인중개사법,소계,미상,소계,957
2023,특별법범,공중위생관리법,소계,미상,소계,497
2023,특별법범,공직선거법,소계,미상,소계,104
2023,특별법범,관세법,소계,미상,소계,507
2023,특별법범,교통사고처리특례법,소계,미상,소계,15733
2023,특별법범,국가기술자격법,소계,미상,소계,30
2023,특별법범,국가보안법,소계,미상,소계,25
2023,특별법범,국민체육진흥법,소계,미상,소계,30
2023,특별법범,국토의계획및이용에관한법률,소계,미상,소계,441
2023,특별법범,근로기준법,소계,미상,소계,18159
2023,특별법범,근로자퇴직급여보장법,소계,미상,소계,3318
2023,특별법범,낚시관리및육성법,소계,미상,소계,10
2023,특별법범,노동조합및노동관계조정법,소계,미상,소계,486
2023,특별법범,농수산물유통및가격안정에관한법률,소계,미상,소계,20
2023,특별법범,농수산물의원산지표시등에관한법률,소계,미상,소계,1483
2023,특별법범,농지법,소계,미상,소계,473
2023,특별법범,대기환경보전법,소계,미상,소계,1151
2023,특별법범,대부업등의등록및금융이용자보호에관한법률,소계,미상,소계,334
2023,특별법범,도로교통법,소계,미상,소계,1451
2023,특별법범,도로교통법(무면허운전),소계,미상,소계,611
2023,특별법범,도로교통법(사고후미조치),소계,미상,소계,1468
2023,특별법범,도로교통법(음주운전),소계,미상,소계,1713
2023,특별법범,도로교통법(음주측정거부),소계,미상,소계,98
2023,특별법범,도로법,소계,미상,소계,1984
2023,특별법범,도시및주거환경정비법,소계,미상,소계,576
2023,특별법범,독점규제및공정거래에관한법률,소계,미상,소계,22
2023,특별법범,디자인보호법,소계,미상,소계,91
2023,특별법범,마약류관리에관한법률(대마),소계,미상,소계,485
2023,특별법범,마약류관리에관한법률(마약),소계,미상,소계,356
2023,특별법범,마약류관리에관한법률(향정),소계,미상,소계,1998
2023,특별법범,물환경보전법,소계,미상,소계,293
2023,특별법범,배타적경제수역에서의외국인어업등에관한주권적권리의행사에관한법률,소계,미상,소계,20
2023,특별법범,범죄수익은닉의규제및처벌등에관한법률,소계,미상,소계,723
2023,특별법범,변호사법,소계,미상,소계,225
2023,특별법범,병역법,소계,미상,소계,352
2023,특별법범,보조금관리에관한법률,소계,미상,소계,207
2023,특별법범,부동산실권리자명의등기에관한법률,소계,미상,소계,394
2023,특별법범,부정경쟁방지및영업비밀보호에관한법률,소계,미상,소계,526
2023,특별법범,부정수표단속법,소계,미상,소계,255
2023,특별법범,사행행위등규제및처벌특례법,소계,미상,소계,15
2023,특별법범,산림자원의조성및관리에관한법률,소계,미상,소계,276
2023,특별법범,산업안전보건법,소계,미상,소계,2797
2023,특별법범,산지관리법,소계,미상,소계,798
2023,특별법범,상표법,소계,미상,소계,1209
2023,특별법범,석유및석유대체연료사업법,소계,미상,소계,136
2023,특별법범,선박안전법,소계,미상,소계,12
2023,특별법범,선박직원법,소계,미상,소계,22
2023,특별법범,성매매알선등행위의처벌에관한법률,소계,미상,소계,1060
2023,특별법범,수도법,소계,미상,소계,38
2023,특별법범,수산업법,소계,미상,소계,229
2023,특별법범,수산자원관리법,소계,미상,소계,220
2023,특별법범,스토킹범죄의처벌등에관한법률,소계,미상,소계,2864
2023,특별법범,식품위생법,소계,미상,소계,1838
2023,특별법범,신용정보의이용및보호에관한법률,소계,미상,소계,19
2023,특별법범,아동?청소년의성보호에관한법률(성매수등),소계,미상,소계,79
2023,특별법범,아동·청소년의성보호에관한법률(성착취물등),소계,미상,소계,185
2023,특별법범,아동복지법,소계,미상,소계,2901
2023,특별법범,액화석유가스의안전관리및사업법,소계,미상,소계,25
2023,특별법범,약사법,소계,미상,소계,511
2023,특별법범,여객자동차운수사업법,소계,미상,소계,111
2023,특별법범,여신전문금융업법,소계,미상,소계,351
2023,특별법범,영유아보육법,소계,미상,소계,24
2023,특별법범,예비군법,소계,미상,소계,125
2023,특별법범,옥외광고물등의관리와옥외광고산업진흥에관한법률,소계,미상,소계,22
2023,특별법범,외국환거래법,소계,미상,소계,302
2023,특별법범,위험물안전관리법,소계,미상,소계,385
2023,특별법범,유사수신행위의규제에관한법률,소계,미상,소계,849
2023,특별법범,의료기기법,소계,미상,소계,87
2023,특별법범,의료법,소계,미상,소계,1351
2023,특별법범,자동차관리법,소계,미상,소계,6346
2023,특별법범,자동차손해배상보장법,소계,미상,소계,8484
2023,특별법범,자본시장과금융투자업에관한법률,소계,미상,소계,548
2023,특별법범,저작권법,소계,미상,소계,9871
2023,특별법범,전자금융거래법,소계,미상,소계,1837
2023,특별법범,전파법,소계,미상,소계,287
2023,특별법범,정보통신망이용촉진및정보보호등에관한법률,소계,미상,소계,9309
2023,특별법범,조세범처벌법,소계,미상,소계,1491
2023,특별법범,주민등록법,소계,미상,소계,485
2023,특별법범,주차장법,소계,미상,소계,24
2023,특별법범,주택법,소계,미상,소계,289
2023,특별법범,중대재해처벌등에관한법률,소계,미상,소계,55
2023,특별법범,직업안정법,소계,미상,소계,92
2023,특별법범,집회및시위에관한법률,소계,미상,소계,199
2023,특별법범,청소년보호법,소계,미상,소계,1714
2023,특별법범,총포?도검?화약류등의안전관리에관한법률,소계,미상,소계,85
2023,특별법범,최저임금법,소계,미상,소계,209
2023,특별법범,축산물위생관리법,소계,미상,소계,151
2023,특별법범,출입국관리법,소계,미상,소계,709
2023,특별법범,통신비밀보호법,소계,미상,소계,188
2023,특별법범,특가법(도주차량),소계,미상,소계,2775
2023,특별법범,특허법,소계,미상,소계,183
2023,특별법범,폐기물관리법,소계,미상,소계,903
2023,특별법범,풍속영업의규제에관한법률,소계,미상,소계,19
2023,특별법범,하천법,소계,미상,소계,25
2023,특별법범,학원의설립운영및과외교습에관한법률,소계,미상,소계,32
2023,특별법범,화물자동차운수사업법,소계,미상,소계,277
2023,특별법범,화재로인한재해보상과보험가입에관한법률,소계,미상,소계,1
2023,특별법범,화재의예방및안전에관한법률/소방시설설치및관리에관한법률,소계,미상,소계,639
2023,특별법범,화학물질관리법,소계,미상,소계,242
2023,특별법범,기타특별법,소계,미상,소계,10924
