crime,recid_type,period,count
절도,동종재범,1개월이내,2526
장물,동종재범,1개월이내,22
사기,동종재범,1개월이내,2863
횡령,동종재범,1개월이내,79
배임,동종재범,1개월이내,3
손괴,동종재범,1개월이내,166
살인,동종재범,1개월이내,3
강도,동종재범,1개월이내,25
방화,동종재범,1개월이내,3
성폭력,동종재범,1개월이내,66
폭행,동종재범,1개월이내,787
상해,동종재범,1개월이내,463
협박,동종재범,1개월이내,84
공갈,동종재범,1개월이내,101
약취와 유인,동종재범,1개월이내,0
체포와 감금,동종재범,1개월이내,9
"폭력행위등(손괴,강요,주거침입등)",동종재범,1개월이내,18
폭력행위 등(단체 등의 구성ㆍ활동),동종재범,1개월이내,1
통화,동종재범,1개월이내,2
유가증권ㆍ인지ㆍ우표,동종재범,1개월이내,8
문서,동종재범,1개월이내,76
인장,동종재범,1개월이내,0
직무유기,동종재범,1개월이내,0
직권남용,동종재범,1개월이내,0
수뢰,동종재범,1개월이내,1
증뢰,동종재범,1개월이내,0
도박과 복표,동종재범,1개월이내,46
신앙,동종재범,1개월이내,0
기타 음란행위,동종재범,1개월이내,15
과실치사상,동종재범,1개월이내,1
업무상 과실치사상,동종재범,1개월이내,2
실화,동종재범,1개월이내,0
명예,동종재범,1개월이내,50
권리행사 방해,동종재범,1개월이내,10
신용업무 경매,동종재범,1개월이내,219
주거 침입,동종재범,1개월이내,53
비밀침해,동종재범,1개월이내,0
유기,동종재범,1개월이내,2
교통방해,동종재범,1개월이내,3
공무방해,동종재범,1개월이내,83
도주와 범인 은닉,동종재범,1개월이내,1
위증과 증거인멸,동종재범,1개월이내,0
무고,동종재범,1개월이내,0
공안을 해하는 죄,동종재범,1개월이내,0
음용수에 관한 죄,동종재범,1개월이내,0
일수와 수리에 관한 죄,동종재범,1개월이내,0
기타,동종재범,1개월이내,0
가정폭력범죄의 처벌 등에 관한 특례법,동종재범,1개월이내,4
가축분뇨의관리및이용에관한법률,동종재범,1개월이내,1
감염병의예방및관리에관한법률,동종재범,1개월이내,1
개발제한구역의 지정 및 관리에 관한 특별조치법,동종재범,1개월이내,3
개인정보보호법,동종재범,1개월이내,1
건강기능식품에관한법률,동종재범,1개월이내,4
건설기계 관리법,동종재범,1개월이내,0
건설산업 기본법,동종재범,1개월이내,15
건축법,동종재범,1개월이내,9
게임산업진흥에관한법률,동종재범,1개월이내,105
결혼중개업의관리에관한법률,동종재범,1개월이내,1
경범죄처벌법,동종재범,1개월이내,48
고용보험법,동종재범,1개월이내,2
공유수면관리및매립에관한법률,동종재범,1개월이내,2
공유재산및물품관리법,동종재범,1개월이내,0
공인중개사법,동종재범,1개월이내,1
공중위생관리법,동종재범,1개월이내,9
공직선거법,동종재범,1개월이내,1
관세법,동종재범,1개월이내,0
교통사고 처리특례법,동종재범,1개월이내,191
국가기술자격법,동종재범,1개월이내,0
국가보안법,동종재범,1개월이내,1
국민체육진흥법,동종재범,1개월이내,1
국토의계획및이용에관한법률,동종재범,1개월이내,6
근로기준법,동종재범,1개월이내,28
근로자퇴직급여보장법,동종재범,1개월이내,8
낚시관리및육성법,동종재범,1개월이내,3
노동조합 및 노동관계조정법,동종재범,1개월이내,0
농수산물유통 및 가격안정에 관한법률,동종재범,1개월이내,0
농수산물의원산지표시에관한법률,동종재범,1개월이내,0
농지법,동종재범,1개월이내,0
대기환경보전법,동종재범,1개월이내,1
대부업등의등록및금융이용자보호에관한법률,동종재범,1개월이내,9
도로교통법,동종재범,1개월이내,43
도로교통법(무면허운전),동종재범,1개월이내,517
도로교통법(사고후미조치),동종재범,1개월이내,31
도로교통법(음주운전),동종재범,1개월이내,524
도로교통법(음주측정거부),동종재범,1개월이내,17
도로법,동종재범,1개월이내,10
도시및주거환경정비법,동종재범,1개월이내,1
독점규제 및 공정거래에 관한법률,동종재범,1개월이내,0
디자인보호법,동종재범,1개월이내,0
마약류관리에 관한 법률(대마),동종재범,1개월이내,4
마약류관리에 관한 법률(마약),동종재범,1개월이내,0
마약류관리에 관한 법률(향정),동종재범,1개월이내,73
물환경보전법,동종재범,1개월이내,0
배타적경제수역에서의 외국인어업등에 관한 주권적권리의 행사에 관한법률,동종재범,1개월이내,2
범죄수익은닉의 규제 및 처벌 등에 관한법률,동종재범,1개월이내,0
변호사법,동종재범,1개월이내,0
병역법,동종재범,1개월이내,5
보조금관리에관한법률,동종재범,1개월이내,4
부동산 실권리자 명의등기에 관한법률,동종재범,1개월이내,0
부정경쟁방지 및 영업비밀보호에 관한법률,동종재범,1개월이내,1
부정수표단속법,동종재범,1개월이내,6
사행행위 등 규제 및 처벌특례법,동종재범,1개월이내,1
산림자원의조성및관리에관한법률,동종재범,1개월이내,0
산업안전보건법,동종재범,1개월이내,1
산지관리법,동종재범,1개월이내,0
상표법,동종재범,1개월이내,10
석유및석유대체연료사업법,동종재범,1개월이내,6
선박안전법,동종재범,1개월이내,2
선박직원법,동종재범,1개월이내,0
성매매알선등행위의처벌에관한법률,동종재범,1개월이내,111
수도법,동종재범,1개월이내,0
수산업법,동종재범,1개월이내,3
수산자원관리법,동종재범,1개월이내,2
식품위생법,동종재범,1개월이내,50
신용정보의 이용 및 보호에 관한법률,동종재범,1개월이내,0
아동·청소년의성보호에관한법률(성매수등),동종재범,1개월이내,16
아동·청소년의성보호에관한법률(음란물등),동종재범,1개월이내,2
아동복지법,동종재범,1개월이내,9
액화석유가스의 안전관리 및 사업법,동종재범,1개월이내,2
약사법,동종재범,1개월이내,3
여객자동차운수사업법,동종재범,1개월이내,46
여신전문금융업법,동종재범,1개월이내,8
영유아보육법,동종재범,1개월이내,0
예비군법,동종재범,1개월이내,75
옥외광고물등의 관리와 옥외광고산업진흥에 관한법률,동종재범,1개월이내,8
외국환거래법,동종재범,1개월이내,1
위험물안전관리법,동종재범,1개월이내,0
유사 수신행위의 규제에 관한법률,동종재범,1개월이내,13
의료기기법,동종재범,1개월이내,0
의료법,동종재범,1개월이내,10
자동차관리법,동종재범,1개월이내,47
자동차손해배상보장법,동종재범,1개월이내,163
자본시장과금융투자업에관한법률,동종재범,1개월이내,0
저작권법,동종재범,1개월이내,100
전자금융거래법,동종재범,1개월이내,95
전파법,동종재범,1개월이내,0
정보통신망이용촉진 및 정보보호 등에 관한법률,동종재범,1개월이내,53
조세범 처벌법,동종재범,1개월이내,7
주민등록법,동종재범,1개월이내,12
주차장법,동종재범,1개월이내,1
주택법,동종재범,1개월이내,2
직업안정법,동종재범,1개월이내,3
집회 및 시위에 관한법률,동종재범,1개월이내,3
청소년보호법,동종재범,1개월이내,32
총포·도검·화약류등의 안전관리에 관한법률,동종재범,1개월이내,0
최저임금법,동종재범,1개월이내,0
축산물위생관리법,동종재범,1개월이내,2
출입국관리법,동종재범,1개월이내,2
통신비밀보호법,동종재범,1개월이내,0
특가법(도주차량),동종재범,1개월이내,10
특허법,동종재범,1개월이내,0
폐기물관리법,동종재범,1개월이내,8
풍속영업의 규제에 관한법률,동종재범,1개월이내,3
하천법,동종재범,1개월이내,2
학교보건법,동종재범,1개월이내,1
학원의설립운영및과외교습에관한법률,동종재범,1개월이내,0
화물자동차운수사업법,동종재범,1개월이내,8
화재예방·소방시설설치유지 및 안전관리에 관한법률,동종재범,1개월이내,0
화학물질관리법,동종재범,1개월이내,16
기타 특별법,동종재범,1개월이내,165
절도,동종재범,3개월이내,2881
장물,동종재범,3개월이내,40
사기,동종재범,3개월이내,3316
횡령,동종재범,3개월이내,136
배임,동종재범,3개월이내,8
손괴,동종재범,3개월이내,265
살인,동종재범,3개월이내,2
강도,동종재범,3개월이내,37
방화,동종재범,3개월이내,8
성폭력,동종재범,3개월이내,100
폭행,동종재범,3개월이내,1657
상해,동종재범,3개월이내,938
협박,동종재범,3개월이내,97
공갈,동종재범,3개월이내,99
약취와 유인,동종재범,3개월이내,0
체포와 감금,동종재범,3개월이내,22
"폭력행위등(손괴,강요,주거침입등)",동종재범,3개월이내,35
폭력행위 등(단체 등의 구성ㆍ활동),동종재범,3개월이내,18
통화,동종재범,3개월이내,0
유가증권ㆍ인지ㆍ우표,동종재범,3개월이내,1
문서,동종재범,3개월이내,114
인장,동종재범,3개월이내,1
직무유기,동종재범,3개월이내,0
직권남용,동종재범,3개월이내,0
수뢰,동종재범,3개월이내,0
증뢰,동종재범,3개월이내,0
도박과 복표,동종재범,3개월이내,136
신앙,동종재범,3개월이내,1
기타 음란행위,동종재범,3개월이내,31
과실치사상,동종재범,3개월이내,2
업무상 과실치사상,동종재범,3개월이내,2
실화,동종재범,3개월이내,0
명예,동종재범,3개월이내,55
권리행사 방해,동종재범,3개월이내,13
신용업무 경매,동종재범,3개월이내,370
주거 침입,동종재범,3개월이내,71
비밀침해,동종재범,3개월이내,0
유기,동종재범,3개월이내,0
교통방해,동종재범,3개월이내,3
공무방해,동종재범,3개월이내,112
도주와 범인 은닉,동종재범,3개월이내,3
위증과 증거인멸,동종재범,3개월이내,0
무고,동종재범,3개월이내,1
공안을 해하는 죄,동종재범,3개월이내,1
음용수에 관한 죄,동종재범,3개월이내,0
일수와 수리에 관한 죄,동종재범,3개월이내,0
기타,동종재범,3개월이내,0
가정폭력범죄의 처벌 등에 관한 특례법,동종재범,3개월이내,3
가축분뇨의관리및이용에관한법률,동종재범,3개월이내,7
감염병의예방및관리에관한법률,동종재범,3개월이내,0
개발제한구역의 지정 및 관리에 관한 특별조치법,동종재범,3개월이내,7
개인정보보호법,동종재범,3개월이내,1
건강기능식품에관한법률,동종재범,3개월이내,2
건설기계 관리법,동종재범,3개월이내,2
건설산업 기본법,동종재범,3개월이내,30
건축법,동종재범,3개월이내,16
게임산업진흥에관한법률,동종재범,3개월이내,186
결혼중개업의관리에관한법률,동종재범,3개월이내,1
경범죄처벌법,동종재범,3개월이내,89
고용보험법,동종재범,3개월이내,3
공유수면관리및매립에관한법률,동종재범,3개월이내,2
공유재산및물품관리법,동종재범,3개월이내,1
공인중개사법,동종재범,3개월이내,0
공중위생관리법,동종재범,3개월이내,16
공직선거법,동종재범,3개월이내,0
관세법,동종재범,3개월이내,0
교통사고 처리특례법,동종재범,3개월이내,338
국가기술자격법,동종재범,3개월이내,0
국가보안법,동종재범,3개월이내,0
국민체육진흥법,동종재범,3개월이내,1
국토의계획및이용에관한법률,동종재범,3개월이내,5
근로기준법,동종재범,3개월이내,62
근로자퇴직급여보장법,동종재범,3개월이내,13
낚시관리및육성법,동종재범,3개월이내,6
노동조합 및 노동관계조정법,동종재범,3개월이내,0
농수산물유통 및 가격안정에 관한법률,동종재범,3개월이내,0
농수산물의원산지표시에관한법률,동종재범,3개월이내,0
농지법,동종재범,3개월이내,0
대기환경보전법,동종재범,3개월이내,15
대부업등의등록및금융이용자보호에관한법률,동종재범,3개월이내,14
도로교통법,동종재범,3개월이내,70
도로교통법(무면허운전),동종재범,3개월이내,1194
도로교통법(사고후미조치),동종재범,3개월이내,49
도로교통법(음주운전),동종재범,3개월이내,929
도로교통법(음주측정거부),동종재범,3개월이내,26
도로법,동종재범,3개월이내,8
도시및주거환경정비법,동종재범,3개월이내,4
독점규제 및 공정거래에 관한법률,동종재범,3개월이내,0
디자인보호법,동종재범,3개월이내,0
마약류관리에 관한 법률(대마),동종재범,3개월이내,7
마약류관리에 관한 법률(마약),동종재범,3개월이내,3
마약류관리에 관한 법률(향정),동종재범,3개월이내,133
물환경보전법,동종재범,3개월이내,2
배타적경제수역에서의 외국인어업등에 관한 주권적권리의 행사에 관한법률,동종재범,3개월이내,0
범죄수익은닉의 규제 및 처벌 등에 관한법률,동종재범,3개월이내,0
변호사법,동종재범,3개월이내,3
병역법,동종재범,3개월이내,18
보조금관리에관한법률,동종재범,3개월이내,0
부동산 실권리자 명의등기에 관한법률,동종재범,3개월이내,0
부정경쟁방지 및 영업비밀보호에 관한법률,동종재범,3개월이내,1
부정수표단속법,동종재범,3개월이내,9
사행행위 등 규제 및 처벌특례법,동종재범,3개월이내,7
산림자원의조성및관리에관한법률,동종재범,3개월이내,1
산업안전보건법,동종재범,3개월이내,3
산지관리법,동종재범,3개월이내,2
상표법,동종재범,3개월이내,15
석유및석유대체연료사업법,동종재범,3개월이내,11
선박안전법,동종재범,3개월이내,1
선박직원법,동종재범,3개월이내,1
성매매알선등행위의처벌에관한법률,동종재범,3개월이내,237
수도법,동종재범,3개월이내,1
수산업법,동종재범,3개월이내,10
수산자원관리법,동종재범,3개월이내,3
식품위생법,동종재범,3개월이내,71
신용정보의 이용 및 보호에 관한법률,동종재범,3개월이내,0
아동·청소년의성보호에관한법률(성매수등),동종재범,3개월이내,4
아동·청소년의성보호에관한법률(음란물등),동종재범,3개월이내,5
아동복지법,동종재범,3개월이내,10
액화석유가스의 안전관리 및 사업법,동종재범,3개월이내,0
약사법,동종재범,3개월이내,7
여객자동차운수사업법,동종재범,3개월이내,28
여신전문금융업법,동종재범,3개월이내,13
영유아보육법,동종재범,3개월이내,0
예비군법,동종재범,3개월이내,239
옥외광고물등의 관리와 옥외광고산업진흥에 관한법률,동종재범,3개월이내,6
외국환거래법,동종재범,3개월이내,0
위험물안전관리법,동종재범,3개월이내,0
유사 수신행위의 규제에 관한법률,동종재범,3개월이내,19
의료기기법,동종재범,3개월이내,3
의료법,동종재범,3개월이내,24
자동차관리법,동종재범,3개월이내,114
자동차손해배상보장법,동종재범,3개월이내,247
자본시장과금융투자업에관한법률,동종재범,3개월이내,0
저작권법,동종재범,3개월이내,89
전자금융거래법,동종재범,3개월이내,114
전파법,동종재범,3개월이내,0
정보통신망이용촉진 및 정보보호 등에 관한법률,동종재범,3개월이내,58
조세범 처벌법,동종재범,3개월이내,9
주민등록법,동종재범,3개월이내,19
주차장법,동종재범,3개월이내,0
주택법,동종재범,3개월이내,5
직업안정법,동종재범,3개월이내,7
집회 및 시위에 관한법률,동종재범,3개월이내,4
청소년보호법,동종재범,3개월이내,79
총포·도검·화약류등의 안전관리에 관한법률,동종재범,3개월이내,0
최저임금법,동종재범,3개월이내,0
축산물위생관리법,동종재범,3개월이내,8
출입국관리법,동종재범,3개월이내,4
통신비밀보호법,동종재범,3개월이내,1
특가법(도주차량),동종재범,3개월이내,21
특허법,동종재범,3개월이내,0
폐기물관리법,동종재범,3개월이내,17
풍속영업의 규제에 관한법률,동종재범,3개월이내,6
하천법,동종재범,3개월이내,3
학교보건법,동종재범,3개월이내,2
학원의설립운영및과외교습에관한법률,동종재범,3개월이내,1
화물자동차운수사업법,동종재범,3개월이내,21
화재예방·소방시설설치유지 및 안전관리에 관한법률,동종재범,3개월이내,0
화학물질관리법,동종재범,3개월이내,16
기타 특별법,동종재범,3개월이내,358
절도,동종재범,6개월이내,2623
장물,동종재범,6개월이내,33
사기,동종재범,6개월이내,3161
횡령,동종재범,6개월이내,145
배임,동종재범,6개월이내,7
손괴,동종재범,6개월이내,259
살인,동종재범,6개월이내,7
강도,동종재범,6개월이내,24
방화,동종재범,6개월이내,8
성폭력,동종재범,6개월이내,111
폭행,동종재범,6개월이내,1759
상해,동종재범,6개월이내,1045
협박,동종재범,6개월이내,106
공갈,동종재범,6개월이내,79
약취와 유인,동종재범,6개월이내,1
체포와 감금,동종재범,6개월이내,14
"폭력행위등(손괴,강요,주거침입등)",동종재범,6개월이내,80
폭력행위 등(단체 등의 구성ㆍ활동),동종재범,6개월이내,14
통화,동종재범,6개월이내,2
유가증권ㆍ인지ㆍ우표,동종재범,6개월이내,2
문서,동종재범,6개월이내,99
인장,동종재범,6개월이내,2
직무유기,동종재범,6개월이내,0
직권남용,동종재범,6개월이내,0
수뢰,동종재범,6개월이내,0
증뢰,동종재범,6개월이내,2
도박과 복표,동종재범,6개월이내,174
신앙,동종재범,6개월이내,1
기타 음란행위,동종재범,6개월이내,25
과실치사상,동종재범,6개월이내,6
업무상 과실치사상,동종재범,6개월이내,8
실화,동종재범,6개월이내,1
명예,동종재범,6개월이내,92
권리행사 방해,동종재범,6개월이내,20
신용업무 경매,동종재범,6개월이내,399
주거 침입,동종재범,6개월이내,68
비밀침해,동종재범,6개월이내,0
유기,동종재범,6개월이내,0
교통방해,동종재범,6개월이내,7
공무방해,동종재범,6개월이내,154
도주와 범인 은닉,동종재범,6개월이내,4
위증과 증거인멸,동종재범,6개월이내,3
무고,동종재범,6개월이내,0
공안을 해하는 죄,동종재범,6개월이내,0
음용수에 관한 죄,동종재범,6개월이내,0
일수와 수리에 관한 죄,동종재범,6개월이내,0
기타,동종재범,6개월이내,0
가정폭력범죄의 처벌 등에 관한 특례법,동종재범,6개월이내,7
가축분뇨의관리및이용에관한법률,동종재범,6개월이내,22
감염병의예방및관리에관한법률,동종재범,6개월이내,0
개발제한구역의 지정 및 관리에 관한 특별조치법,동종재범,6개월이내,6
개인정보보호법,동종재범,6개월이내,4
건강기능식품에관한법률,동종재범,6개월이내,3
건설기계 관리법,동종재범,6개월이내,4
건설산업 기본법,동종재범,6개월이내,67
건축법,동종재범,6개월이내,23
게임산업진흥에관한법률,동종재범,6개월이내,270
결혼중개업의관리에관한법률,동종재범,6개월이내,0
경범죄처벌법,동종재범,6개월이내,100
고용보험법,동종재범,6개월이내,1
공유수면관리및매립에관한법률,동종재범,6개월이내,2
공유재산및물품관리법,동종재범,6개월이내,14
공인중개사법,동종재범,6개월이내,2
공중위생관리법,동종재범,6개월이내,57
공직선거법,동종재범,6개월이내,1
관세법,동종재범,6개월이내,0
교통사고 처리특례법,동종재범,6개월이내,447
국가기술자격법,동종재범,6개월이내,0
국가보안법,동종재범,6개월이내,1
국민체육진흥법,동종재범,6개월이내,7
국토의계획및이용에관한법률,동종재범,6개월이내,10
근로기준법,동종재범,6개월이내,113
근로자퇴직급여보장법,동종재범,6개월이내,23
낚시관리및육성법,동종재범,6개월이내,5
노동조합 및 노동관계조정법,동종재범,6개월이내,0
농수산물유통 및 가격안정에 관한법률,동종재범,6개월이내,1
농수산물의원산지표시에관한법률,동종재범,6개월이내,1
농지법,동종재범,6개월이내,1
대기환경보전법,동종재범,6개월이내,13
대부업등의등록및금융이용자보호에관한법률,동종재범,6개월이내,19
도로교통법,동종재범,6개월이내,92
도로교통법(무면허운전),동종재범,6개월이내,1619
도로교통법(사고후미조치),동종재범,6개월이내,74
도로교통법(음주운전),동종재범,6개월이내,1390
도로교통법(음주측정거부),동종재범,6개월이내,47
도로법,동종재범,6개월이내,17
도시및주거환경정비법,동종재범,6개월이내,0
독점규제 및 공정거래에 관한법률,동종재범,6개월이내,0
디자인보호법,동종재범,6개월이내,0
마약류관리에 관한 법률(대마),동종재범,6개월이내,14
마약류관리에 관한 법률(마약),동종재범,6개월이내,1
마약류관리에 관한 법률(향정),동종재범,6개월이내,188
물환경보전법,동종재범,6개월이내,3
배타적경제수역에서의 외국인어업등에 관한 주권적권리의 행사에 관한법률,동종재범,6개월이내,4
범죄수익은닉의 규제 및 처벌 등에 관한법률,동종재범,6개월이내,0
변호사법,동종재범,6개월이내,3
병역법,동종재범,6개월이내,41
보조금관리에관한법률,동종재범,6개월이내,0
부동산 실권리자 명의등기에 관한법률,동종재범,6개월이내,1
부정경쟁방지 및 영업비밀보호에 관한법률,동종재범,6개월이내,0
부정수표단속법,동종재범,6개월이내,12
사행행위 등 규제 및 처벌특례법,동종재범,6개월이내,11
산림자원의조성및관리에관한법률,동종재범,6개월이내,1
산업안전보건법,동종재범,6개월이내,7
산지관리법,동종재범,6개월이내,4
상표법,동종재범,6개월이내,33
석유및석유대체연료사업법,동종재범,6개월이내,17
선박안전법,동종재범,6개월이내,7
선박직원법,동종재범,6개월이내,1
성매매알선등행위의처벌에관한법률,동종재범,6개월이내,316
수도법,동종재범,6개월이내,0
수산업법,동종재범,6개월이내,12
수산자원관리법,동종재범,6개월이내,12
식품위생법,동종재범,6개월이내,100
신용정보의 이용 및 보호에 관한법률,동종재범,6개월이내,1
아동·청소년의성보호에관한법률(성매수등),동종재범,6개월이내,9
아동·청소년의성보호에관한법률(음란물등),동종재범,6개월이내,4
아동복지법,동종재범,6개월이내,11
액화석유가스의 안전관리 및 사업법,동종재범,6개월이내,0
약사법,동종재범,6개월이내,10
여객자동차운수사업법,동종재범,6개월이내,47
여신전문금융업법,동종재범,6개월이내,11
영유아보육법,동종재범,6개월이내,1
예비군법,동종재범,6개월이내,359
옥외광고물등의 관리와 옥외광고산업진흥에 관한법률,동종재범,6개월이내,6
외국환거래법,동종재범,6개월이내,0
위험물안전관리법,동종재범,6개월이내,0
유사 수신행위의 규제에 관한법률,동종재범,6개월이내,13
의료기기법,동종재범,6개월이내,2
의료법,동종재범,6개월이내,21
자동차관리법,동종재범,6개월이내,300
자동차손해배상보장법,동종재범,6개월이내,274
자본시장과금융투자업에관한법률,동종재범,6개월이내,1
저작권법,동종재범,6개월이내,68
전자금융거래법,동종재범,6개월이내,98
전파법,동종재범,6개월이내,3
정보통신망이용촉진 및 정보보호 등에 관한법률,동종재범,6개월이내,83
조세범 처벌법,동종재범,6개월이내,19
주민등록법,동종재범,6개월이내,22
주차장법,동종재범,6개월이내,2
주택법,동종재범,6개월이내,1
직업안정법,동종재범,6개월이내,20
집회 및 시위에 관한법률,동종재범,6개월이내,4
청소년보호법,동종재범,6개월이내,81
총포·도검·화약류등의 안전관리에 관한법률,동종재범,6개월이내,0
최저임금법,동종재범,6개월이내,0
축산물위생관리법,동종재범,6개월이내,20
출입국관리법,동종재범,6개월이내,13
통신비밀보호법,동종재범,6개월이내,0
특가법(도주차량),동종재범,6개월이내,33
특허법,동종재범,6개월이내,0
폐기물관리법,동종재범,6개월이내,22
풍속영업의 규제에 관한법률,동종재범,6개월이내,9
하천법,동종재범,6개월이내,1
학교보건법,동종재범,6개월이내,6
학원의설립운영및과외교습에관한법률,동종재범,6개월이내,1
화물자동차운수사업법,동종재범,6개월이내,23
화재예방·소방시설설치유지 및 안전관리에 관한법률,동종재범,6개월이내,0
화학물질관리법,동종재범,6개월이내,17
기타 특별법,동종재범,6개월이내,486
절도,동종재범,1년이내,6624
장물,동종재범,1년이내,98
사기,동종재범,1년이내,10777
횡령,동종재범,1년이내,524
배임,동종재범,1년이내,46
손괴,동종재범,1년이내,758
살인,동종재범,1년이내,13
강도,동종재범,1년이내,66
방화,동종재범,1년이내,16
성폭력,동종재범,1년이내,380
폭행,동종재범,1년이내,5440
상해,동종재범,1년이내,3221
협박,동종재범,1년이내,306
공갈,동종재범,1년이내,233
약취와 유인,동종재범,1년이내,3
체포와 감금,동종재범,1년이내,52
"폭력행위등(손괴,강요,주거침입등)",동종재범,1년이내,66
폭력행위 등(단체 등의 구성ㆍ활동),동종재범,1년이내,50
통화,동종재범,1년이내,2
유가증권ㆍ인지ㆍ우표,동종재범,1년이내,17
문서,동종재범,1년이내,370
인장,동종재범,1년이내,11
직무유기,동종재범,1년이내,0
직권남용,동종재범,1년이내,1
수뢰,동종재범,1년이내,8
증뢰,동종재범,1년이내,1
도박과 복표,동종재범,1년이내,739
신앙,동종재범,1년이내,4
기타 음란행위,동종재범,1년이내,98
과실치사상,동종재범,1년이내,7
업무상 과실치사상,동종재범,1년이내,32
실화,동종재범,1년이내,4
명예,동종재범,1년이내,310
권리행사 방해,동종재범,1년이내,85
신용업무 경매,동종재범,1년이내,1218
주거 침입,동종재범,1년이내,207
비밀침해,동종재범,1년이내,0
유기,동종재범,1년이내,1
교통방해,동종재범,1년이내,19
공무방해,동종재범,1년이내,487
도주와 범인 은닉,동종재범,1년이내,2
위증과 증거인멸,동종재범,1년이내,4
무고,동종재범,1년이내,14
공안을 해하는 죄,동종재범,1년이내,21
음용수에 관한 죄,동종재범,1년이내,0
일수와 수리에 관한 죄,동종재범,1년이내,0
기타,동종재범,1년이내,2
가정폭력범죄의 처벌 등에 관한 특례법,동종재범,1년이내,3
가축분뇨의관리및이용에관한법률,동종재범,1년이내,59
감염병의예방및관리에관한법률,동종재범,1년이내,2
개발제한구역의 지정 및 관리에 관한 특별조치법,동종재범,1년이내,48
개인정보보호법,동종재범,1년이내,8
건강기능식품에관한법률,동종재범,1년이내,30
건설기계 관리법,동종재범,1년이내,25
건설산업 기본법,동종재범,1년이내,261
건축법,동종재범,1년이내,67
게임산업진흥에관한법률,동종재범,1년이내,707
결혼중개업의관리에관한법률,동종재범,1년이내,3
경범죄처벌법,동종재범,1년이내,226
고용보험법,동종재범,1년이내,11
공유수면관리및매립에관한법률,동종재범,1년이내,25
공유재산및물품관리법,동종재범,1년이내,6
공인중개사법,동종재범,1년이내,16
공중위생관리법,동종재범,1년이내,108
공직선거법,동종재범,1년이내,3
관세법,동종재범,1년이내,4
교통사고 처리특례법,동종재범,1년이내,1592
국가기술자격법,동종재범,1년이내,0
국가보안법,동종재범,1년이내,2
국민체육진흥법,동종재범,1년이내,23
국토의계획및이용에관한법률,동종재범,1년이내,46
근로기준법,동종재범,1년이내,198
근로자퇴직급여보장법,동종재범,1년이내,29
낚시관리및육성법,동종재범,1년이내,11
노동조합 및 노동관계조정법,동종재범,1년이내,2
농수산물유통 및 가격안정에 관한법률,동종재범,1년이내,6
농수산물의원산지표시에관한법률,동종재범,1년이내,12
농지법,동종재범,1년이내,19
대기환경보전법,동종재범,1년이내,52
대부업등의등록및금융이용자보호에관한법률,동종재범,1년이내,94
도로교통법,동종재범,1년이내,293
도로교통법(무면허운전),동종재범,1년이내,4715
도로교통법(사고후미조치),동종재범,1년이내,221
도로교통법(음주운전),동종재범,1년이내,5303
도로교통법(음주측정거부),동종재범,1년이내,140
도로법,동종재범,1년이내,56
도시및주거환경정비법,동종재범,1년이내,19
독점규제 및 공정거래에 관한법률,동종재범,1년이내,0
디자인보호법,동종재범,1년이내,0
마약류관리에 관한 법률(대마),동종재범,1년이내,42
마약류관리에 관한 법률(마약),동종재범,1년이내,9
마약류관리에 관한 법률(향정),동종재범,1년이내,795
물환경보전법,동종재범,1년이내,14
배타적경제수역에서의 외국인어업등에 관한 주권적권리의 행사에 관한법률,동종재범,1년이내,5
범죄수익은닉의 규제 및 처벌 등에 관한법률,동종재범,1년이내,1
변호사법,동종재범,1년이내,12
병역법,동종재범,1년이내,169
보조금관리에관한법률,동종재범,1년이내,23
부동산 실권리자 명의등기에 관한법률,동종재범,1년이내,19
부정경쟁방지 및 영업비밀보호에 관한법률,동종재범,1년이내,2
부정수표단속법,동종재범,1년이내,39
사행행위 등 규제 및 처벌특례법,동종재범,1년이내,49
산림자원의조성및관리에관한법률,동종재범,1년이내,3
산업안전보건법,동종재범,1년이내,25
산지관리법,동종재범,1년이내,15
상표법,동종재범,1년이내,91
석유및석유대체연료사업법,동종재범,1년이내,57
선박안전법,동종재범,1년이내,30
선박직원법,동종재범,1년이내,2
성매매알선등행위의처벌에관한법률,동종재범,1년이내,1070
수도법,동종재범,1년이내,5
수산업법,동종재범,1년이내,85
수산자원관리법,동종재범,1년이내,56
식품위생법,동종재범,1년이내,583
신용정보의 이용 및 보호에 관한법률,동종재범,1년이내,2
아동·청소년의성보호에관한법률(성매수등),동종재범,1년이내,28
아동·청소년의성보호에관한법률(음란물등),동종재범,1년이내,4
아동복지법,동종재범,1년이내,62
액화석유가스의 안전관리 및 사업법,동종재범,1년이내,3
약사법,동종재범,1년이내,61
여객자동차운수사업법,동종재범,1년이내,174
여신전문금융업법,동종재범,1년이내,44
영유아보육법,동종재범,1년이내,3
예비군법,동종재범,1년이내,1091
옥외광고물등의 관리와 옥외광고산업진흥에 관한법률,동종재범,1년이내,30
외국환거래법,동종재범,1년이내,6
위험물안전관리법,동종재범,1년이내,0
유사 수신행위의 규제에 관한법률,동종재범,1년이내,95
의료기기법,동종재범,1년이내,18
의료법,동종재범,1년이내,126
자동차관리법,동종재범,1년이내,453
자동차손해배상보장법,동종재범,1년이내,838
자본시장과금융투자업에관한법률,동종재범,1년이내,3
저작권법,동종재범,1년이내,160
전자금융거래법,동종재범,1년이내,396
전파법,동종재범,1년이내,2
정보통신망이용촉진 및 정보보호 등에 관한법률,동종재범,1년이내,186
조세범 처벌법,동종재범,1년이내,75
주민등록법,동종재범,1년이내,48
주차장법,동종재범,1년이내,2
주택법,동종재범,1년이내,13
직업안정법,동종재범,1년이내,34
집회 및 시위에 관한법률,동종재범,1년이내,32
청소년보호법,동종재범,1년이내,195
총포·도검·화약류등의 안전관리에 관한법률,동종재범,1년이내,0
최저임금법,동종재범,1년이내,0
축산물위생관리법,동종재범,1년이내,44
출입국관리법,동종재범,1년이내,45
통신비밀보호법,동종재범,1년이내,1
특가법(도주차량),동종재범,1년이내,86
특허법,동종재범,1년이내,0
폐기물관리법,동종재범,1년이내,78
풍속영업의 규제에 관한법률,동종재범,1년이내,29
하천법,동종재범,1년이내,8
학교보건법,동종재범,1년이내,15
학원의설립운영및과외교습에관한법률,동종재범,1년이내,2
화물자동차운수사업법,동종재범,1년이내,75
화재예방·소방시설설치유지 및 안전관리에 관한법률,동종재범,1년이내,0
화학물질관리법,동종재범,1년이내,50
기타 특별법,동종재범,1년이내,1814
절도,동종재범,2년이내,3146
장물,동종재범,2년이내,57
사기,동종재범,2년이내,3282
횡령,동종재범,2년이내,200
배임,동종재범,2년이내,14
손괴,동종재범,2년이내,454
살인,동종재범,2년이내,5
강도,동종재범,2년이내,28
방화,동종재범,2년이내,12
성폭력,동종재범,2년이내,304
폭행,동종재범,2년이내,3442
상해,동종재범,2년이내,2023
협박,동종재범,2년이내,169
공갈,동종재범,2년이내,91
약취와 유인,동종재범,2년이내,4
체포와 감금,동종재범,2년이내,24
"폭력행위등(손괴,강요,주거침입등)",동종재범,2년이내,23
폭력행위 등(단체 등의 구성ㆍ활동),동종재범,2년이내,21
통화,동종재범,2년이내,0
유가증권ㆍ인지ㆍ우표,동종재범,2년이내,0
문서,동종재범,2년이내,112
인장,동종재범,2년이내,4
직무유기,동종재범,2년이내,0
직권남용,동종재범,2년이내,0
수뢰,동종재범,2년이내,14
증뢰,동종재범,2년이내,0
도박과 복표,동종재범,2년이내,549
신앙,동종재범,2년이내,3
기타 음란행위,동종재범,2년이내,61
과실치사상,동종재범,2년이내,5
업무상 과실치사상,동종재범,2년이내,19
실화,동종재범,2년이내,3
명예,동종재범,2년이내,141
권리행사 방해,동종재범,2년이내,26
신용업무 경매,동종재범,2년이내,649
주거 침입,동종재범,2년이내,104
비밀침해,동종재범,2년이내,0
유기,동종재범,2년이내,0
교통방해,동종재범,2년이내,14
공무방해,동종재범,2년이내,279
도주와 범인 은닉,동종재범,2년이내,2
위증과 증거인멸,동종재범,2년이내,1
무고,동종재범,2년이내,2
공안을 해하는 죄,동종재범,2년이내,8
음용수에 관한 죄,동종재범,2년이내,0
일수와 수리에 관한 죄,동종재범,2년이내,0
기타,동종재범,2년이내,0
가정폭력범죄의 처벌 등에 관한 특례법,동종재범,2년이내,4
가축분뇨의관리및이용에관한법률,동종재범,2년이내,20
감염병의예방및관리에관한법률,동종재범,2년이내,0
개발제한구역의 지정 및 관리에 관한 특별조치법,동종재범,2년이내,34
개인정보보호법,동종재범,2년이내,5
건강기능식품에관한법률,동종재범,2년이내,11
건설기계 관리법,동종재범,2년이내,12
건설산업 기본법,동종재범,2년이내,106
건축법,동종재범,2년이내,29
게임산업진흥에관한법률,동종재범,2년이내,158
결혼중개업의관리에관한법률,동종재범,2년이내,6
경범죄처벌법,동종재범,2년이내,80
고용보험법,동종재범,2년이내,3
공유수면관리및매립에관한법률,동종재범,2년이내,3
공유재산및물품관리법,동종재범,2년이내,2
공인중개사법,동종재범,2년이내,14
공중위생관리법,동종재범,2년이내,30
공직선거법,동종재범,2년이내,6
관세법,동종재범,2년이내,0
교통사고 처리특례법,동종재범,2년이내,1345
국가기술자격법,동종재범,2년이내,1
국가보안법,동종재범,2년이내,1
국민체육진흥법,동종재범,2년이내,10
국토의계획및이용에관한법률,동종재범,2년이내,16
근로기준법,동종재범,2년이내,95
근로자퇴직급여보장법,동종재범,2년이내,16
낚시관리및육성법,동종재범,2년이내,4
노동조합 및 노동관계조정법,동종재범,2년이내,0
농수산물유통 및 가격안정에 관한법률,동종재범,2년이내,0
농수산물의원산지표시에관한법률,동종재범,2년이내,9
농지법,동종재범,2년이내,10
대기환경보전법,동종재범,2년이내,28
대부업등의등록및금융이용자보호에관한법률,동종재범,2년이내,26
도로교통법,동종재범,2년이내,163
도로교통법(무면허운전),동종재범,2년이내,2093
도로교통법(사고후미조치),동종재범,2년이내,152
도로교통법(음주운전),동종재범,2년이내,5726
도로교통법(음주측정거부),동종재범,2년이내,141
도로법,동종재범,2년이내,13
도시및주거환경정비법,동종재범,2년이내,10
독점규제 및 공정거래에 관한법률,동종재범,2년이내,0
디자인보호법,동종재범,2년이내,0
마약류관리에 관한 법률(대마),동종재범,2년이내,29
마약류관리에 관한 법률(마약),동종재범,2년이내,8
마약류관리에 관한 법률(향정),동종재범,2년이내,414
물환경보전법,동종재범,2년이내,9
배타적경제수역에서의 외국인어업등에 관한 주권적권리의 행사에 관한법률,동종재범,2년이내,2
범죄수익은닉의 규제 및 처벌 등에 관한법률,동종재범,2년이내,0
변호사법,동종재범,2년이내,8
병역법,동종재범,2년이내,93
보조금관리에관한법률,동종재범,2년이내,3
부동산 실권리자 명의등기에 관한법률,동종재범,2년이내,3
부정경쟁방지 및 영업비밀보호에 관한법률,동종재범,2년이내,1
부정수표단속법,동종재범,2년이내,5
사행행위 등 규제 및 처벌특례법,동종재범,2년이내,18
산림자원의조성및관리에관한법률,동종재범,2년이내,2
산업안전보건법,동종재범,2년이내,25
산지관리법,동종재범,2년이내,13
상표법,동종재범,2년이내,46
석유및석유대체연료사업법,동종재범,2년이내,29
선박안전법,동종재범,2년이내,10
선박직원법,동종재범,2년이내,1
성매매알선등행위의처벌에관한법률,동종재범,2년이내,470
수도법,동종재범,2년이내,1
수산업법,동종재범,2년이내,75
수산자원관리법,동종재범,2년이내,31
식품위생법,동종재범,2년이내,291
신용정보의 이용 및 보호에 관한법률,동종재범,2년이내,0
아동·청소년의성보호에관한법률(성매수등),동종재범,2년이내,12
아동·청소년의성보호에관한법률(음란물등),동종재범,2년이내,1
아동복지법,동종재범,2년이내,21
액화석유가스의 안전관리 및 사업법,동종재범,2년이내,4
약사법,동종재범,2년이내,40
여객자동차운수사업법,동종재범,2년이내,105
여신전문금융업법,동종재범,2년이내,18
영유아보육법,동종재범,2년이내,0
예비군법,동종재범,2년이내,369
옥외광고물등의 관리와 옥외광고산업진흥에 관한법률,동종재범,2년이내,14
외국환거래법,동종재범,2년이내,4
위험물안전관리법,동종재범,2년이내,1
유사 수신행위의 규제에 관한법률,동종재범,2년이내,23
의료기기법,동종재범,2년이내,10
의료법,동종재범,2년이내,64
자동차관리법,동종재범,2년이내,199
자동차손해배상보장법,동종재범,2년이내,280
자본시장과금융투자업에관한법률,동종재범,2년이내,3
저작권법,동종재범,2년이내,45
전자금융거래법,동종재범,2년이내,136
전파법,동종재범,2년이내,1
정보통신망이용촉진 및 정보보호 등에 관한법률,동종재범,2년이내,67
조세범 처벌법,동종재범,2년이내,21
주민등록법,동종재범,2년이내,21
주차장법,동종재범,2년이내,2
주택법,동종재범,2년이내,5
직업안정법,동종재범,2년이내,41
집회 및 시위에 관한법률,동종재범,2년이내,6
청소년보호법,동종재범,2년이내,126
총포·도검·화약류등의 안전관리에 관한법률,동종재범,2년이내,1
최저임금법,동종재범,2년이내,0
축산물위생관리법,동종재범,2년이내,19
출입국관리법,동종재범,2년이내,29
통신비밀보호법,동종재범,2년이내,0
특가법(도주차량),동종재범,2년이내,66
특허법,동종재범,2년이내,0
폐기물관리법,동종재범,2년이내,24
풍속영업의 규제에 관한법률,동종재범,2년이내,17
하천법,동종재범,2년이내,4
학교보건법,동종재범,2년이내,3
학원의설립운영및과외교습에관한법률,동종재범,2년이내,2
화물자동차운수사업법,동종재범,2년이내,54
화재예방·소방시설설치유지 및 안전관리에 관한법률,동종재범,2년이내,1
화학물질관리법,동종재범,2년이내,29
기타 특별법,동종재범,2년이내,1188
절도,동종재범,3년이내,2583
장물,동종재범,3년이내,55
사기,동종재범,3년이내,3926
횡령,동종재범,3년이내,235
배임,동종재범,3년이내,27
손괴,동종재범,3년이내,424
살인,동종재범,3년이내,8
강도,동종재범,3년이내,26
방화,동종재범,3년이내,11
성폭력,동종재범,3년이내,259
폭행,동종재범,3년이내,3092
상해,동종재범,3년이내,1915
협박,동종재범,3년이내,142
공갈,동종재범,3년이내,73
약취와 유인,동종재범,3년이내,5
체포와 감금,동종재범,3년이내,23
"폭력행위등(손괴,강요,주거침입등)",동종재범,3년이내,25
폭력행위 등(단체 등의 구성ㆍ활동),동종재범,3년이내,70
통화,동종재범,3년이내,1
유가증권ㆍ인지ㆍ우표,동종재범,3년이내,6
문서,동종재범,3년이내,122
인장,동종재범,3년이내,4
직무유기,동종재범,3년이내,0
직권남용,동종재범,3년이내,0
수뢰,동종재범,3년이내,5
증뢰,동종재범,3년이내,1
도박과 복표,동종재범,3년이내,622
신앙,동종재범,3년이내,1
기타 음란행위,동종재범,3년이내,50
과실치사상,동종재범,3년이내,5
업무상 과실치사상,동종재범,3년이내,20
실화,동종재범,3년이내,0
명예,동종재범,3년이내,130
권리행사 방해,동종재범,3년이내,31
신용업무 경매,동종재범,3년이내,492
주거 침입,동종재범,3년이내,79
비밀침해,동종재범,3년이내,0
유기,동종재범,3년이내,2
교통방해,동종재범,3년이내,13
공무방해,동종재범,3년이내,304
도주와 범인 은닉,동종재범,3년이내,1
위증과 증거인멸,동종재범,3년이내,3
무고,동종재범,3년이내,4
공안을 해하는 죄,동종재범,3년이내,5
음용수에 관한 죄,동종재범,3년이내,0
일수와 수리에 관한 죄,동종재범,3년이내,0
기타,동종재범,3년이내,0
가정폭력범죄의 처벌 등에 관한 특례법,동종재범,3년이내,1
가축분뇨의관리및이용에관한법률,동종재범,3년이내,18
감염병의예방및관리에관한법률,동종재범,3년이내,0
개발제한구역의 지정 및 관리에 관한 특별조치법,동종재범,3년이내,39
개인정보보호법,동종재범,3년이내,1
건강기능식품에관한법률,동종재범,3년이내,9
건설기계 관리법,동종재범,3년이내,15
건설산업 기본법,동종재범,3년이내,84
건축법,동종재범,3년이내,49
게임산업진흥에관한법률,동종재범,3년이내,160
결혼중개업의관리에관한법률,동종재범,3년이내,5
경범죄처벌법,동종재범,3년이내,81
고용보험법,동종재범,3년이내,4
공유수면관리및매립에관한법률,동종재범,3년이내,4
공유재산및물품관리법,동종재범,3년이내,2
공인중개사법,동종재범,3년이내,15
공중위생관리법,동종재범,3년이내,10
공직선거법,동종재범,3년이내,2
관세법,동종재범,3년이내,2
교통사고 처리특례법,동종재범,3년이내,1390
국가기술자격법,동종재범,3년이내,2
국가보안법,동종재범,3년이내,2
국민체육진흥법,동종재범,3년이내,6
국토의계획및이용에관한법률,동종재범,3년이내,19
근로기준법,동종재범,3년이내,74
근로자퇴직급여보장법,동종재범,3년이내,9
낚시관리및육성법,동종재범,3년이내,5
노동조합 및 노동관계조정법,동종재범,3년이내,0
농수산물유통 및 가격안정에 관한법률,동종재범,3년이내,0
농수산물의원산지표시에관한법률,동종재범,3년이내,7
농지법,동종재범,3년이내,5
대기환경보전법,동종재범,3년이내,15
대부업등의등록및금융이용자보호에관한법률,동종재범,3년이내,47
도로교통법,동종재범,3년이내,175
도로교통법(무면허운전),동종재범,3년이내,1421
도로교통법(사고후미조치),동종재범,3년이내,185
도로교통법(음주운전),동종재범,3년이내,6765
도로교통법(음주측정거부),동종재범,3년이내,132
도로법,동종재범,3년이내,22
도시및주거환경정비법,동종재범,3년이내,2
독점규제 및 공정거래에 관한법률,동종재범,3년이내,0
디자인보호법,동종재범,3년이내,0
마약류관리에 관한 법률(대마),동종재범,3년이내,17
마약류관리에 관한 법률(마약),동종재범,3년이내,9
마약류관리에 관한 법률(향정),동종재범,3년이내,457
물환경보전법,동종재범,3년이내,7
배타적경제수역에서의 외국인어업등에 관한 주권적권리의 행사에 관한법률,동종재범,3년이내,3
범죄수익은닉의 규제 및 처벌 등에 관한법률,동종재범,3년이내,1
변호사법,동종재범,3년이내,4
병역법,동종재범,3년이내,65
보조금관리에관한법률,동종재범,3년이내,4
부동산 실권리자 명의등기에 관한법률,동종재범,3년이내,5
부정경쟁방지 및 영업비밀보호에 관한법률,동종재범,3년이내,0
부정수표단속법,동종재범,3년이내,8
사행행위 등 규제 및 처벌특례법,동종재범,3년이내,14
산림자원의조성및관리에관한법률,동종재범,3년이내,1
산업안전보건법,동종재범,3년이내,19
산지관리법,동종재범,3년이내,7
상표법,동종재범,3년이내,69
석유및석유대체연료사업법,동종재범,3년이내,25
선박안전법,동종재범,3년이내,11
선박직원법,동종재범,3년이내,6
성매매알선등행위의처벌에관한법률,동종재범,3년이내,417
수도법,동종재범,3년이내,3
수산업법,동종재범,3년이내,48
수산자원관리법,동종재범,3년이내,27
식품위생법,동종재범,3년이내,263
신용정보의 이용 및 보호에 관한법률,동종재범,3년이내,1
아동·청소년의성보호에관한법률(성매수등),동종재범,3년이내,12
아동·청소년의성보호에관한법률(음란물등),동종재범,3년이내,0
아동복지법,동종재범,3년이내,25
액화석유가스의 안전관리 및 사업법,동종재범,3년이내,4
약사법,동종재범,3년이내,61
여객자동차운수사업법,동종재범,3년이내,101
여신전문금융업법,동종재범,3년이내,13
영유아보육법,동종재범,3년이내,5
예비군법,동종재범,3년이내,301
옥외광고물등의 관리와 옥외광고산업진흥에 관한법률,동종재범,3년이내,11
외국환거래법,동종재범,3년이내,5
위험물안전관리법,동종재범,3년이내,0
유사 수신행위의 규제에 관한법률,동종재범,3년이내,85
의료기기법,동종재범,3년이내,5
의료법,동종재범,3년이내,89
자동차관리법,동종재범,3년이내,216
자동차손해배상보장법,동종재범,3년이내,222
자본시장과금융투자업에관한법률,동종재범,3년이내,0
저작권법,동종재범,3년이내,54
전자금융거래법,동종재범,3년이내,169
전파법,동종재범,3년이내,1
정보통신망이용촉진 및 정보보호 등에 관한법률,동종재범,3년이내,71
조세범 처벌법,동종재범,3년이내,37
주민등록법,동종재범,3년이내,13
주차장법,동종재범,3년이내,3
주택법,동종재범,3년이내,8
직업안정법,동종재범,3년이내,11
집회 및 시위에 관한법률,동종재범,3년이내,11
청소년보호법,동종재범,3년이내,135
총포·도검·화약류등의 안전관리에 관한법률,동종재범,3년이내,1
최저임금법,동종재범,3년이내,1
축산물위생관리법,동종재범,3년이내,31
출입국관리법,동종재범,3년이내,18
통신비밀보호법,동종재범,3년이내,1
특가법(도주차량),동종재범,3년이내,70
특허법,동종재범,3년이내,0
폐기물관리법,동종재범,3년이내,29
풍속영업의 규제에 관한법률,동종재범,3년이내,8
하천법,동종재범,3년이내,3
학교보건법,동종재범,3년이내,3
학원의설립운영및과외교습에관한법률,동종재범,3년이내,0
화물자동차운수사업법,동종재범,3년이내,55
화재예방·소방시설설치유지 및 안전관리에 관한법률,동종재범,3년이내,0
화학물질관리법,동종재범,3년이내,21
기타 특별법,동종재범,3년이내,1141
절도,동종재범,3년초과,4281
장물,동종재범,3년초과,109
사기,동종재범,3년초과,5729
횡령,동종재범,3년초과,450
배임,동종재범,3년초과,36
손괴,동종재범,3년초과,735
살인,동종재범,3년초과,22
강도,동종재범,3년초과,54
방화,동종재범,3년초과,23
성폭력,동종재범,3년초과,568
폭행,동종재범,3년초과,8336
상해,동종재범,3년초과,5297
협박,동종재범,3년초과,311
공갈,동종재범,3년초과,67
약취와 유인,동종재범,3년초과,5
체포와 감금,동종재범,3년초과,33
"폭력행위등(손괴,강요,주거침입등)",동종재범,3년초과,47
폭력행위 등(단체 등의 구성ㆍ활동),동종재범,3년초과,24
통화,동종재범,3년초과,4
유가증권ㆍ인지ㆍ우표,동종재범,3년초과,5
문서,동종재범,3년초과,147
인장,동종재범,3년초과,7
직무유기,동종재범,3년초과,0
직권남용,동종재범,3년초과,2
수뢰,동종재범,3년초과,6
증뢰,동종재범,3년초과,10
도박과 복표,동종재범,3년초과,2229
신앙,동종재범,3년초과,2
기타 음란행위,동종재범,3년초과,93
과실치사상,동종재범,3년초과,38
업무상 과실치사상,동종재범,3년초과,78
실화,동종재범,3년초과,6
명예,동종재범,3년초과,210
권리행사 방해,동종재범,3년초과,57
신용업무 경매,동종재범,3년초과,745
주거 침입,동종재범,3년초과,167
비밀침해,동종재범,3년초과,0
유기,동종재범,3년초과,2
교통방해,동종재범,3년초과,29
공무방해,동종재범,3년초과,600
도주와 범인 은닉,동종재범,3년초과,5
위증과 증거인멸,동종재범,3년초과,6
무고,동종재범,3년초과,3
공안을 해하는 죄,동종재범,3년초과,1
음용수에 관한 죄,동종재범,3년초과,0
일수와 수리에 관한 죄,동종재범,3년초과,0
기타,동종재범,3년초과,1
가정폭력범죄의 처벌 등에 관한 특례법,동종재범,3년초과,1
가축분뇨의관리및이용에관한법률,동종재범,3년초과,49
감염병의예방및관리에관한법률,동종재범,3년초과,2
개발제한구역의 지정 및 관리에 관한 특별조치법,동종재범,3년초과,78
개인정보보호법,동종재범,3년초과,4
건강기능식품에관한법률,동종재범,3년초과,18
건설기계 관리법,동종재범,3년초과,36
건설산업 기본법,동종재범,3년초과,72
건축법,동종재범,3년초과,113
게임산업진흥에관한법률,동종재범,3년초과,315
결혼중개업의관리에관한법률,동종재범,3년초과,2
경범죄처벌법,동종재범,3년초과,81
고용보험법,동종재범,3년초과,11
공유수면관리및매립에관한법률,동종재범,3년초과,4
공유재산및물품관리법,동종재범,3년초과,0
공인중개사법,동종재범,3년초과,28
공중위생관리법,동종재범,3년초과,19
공직선거법,동종재범,3년초과,8
관세법,동종재범,3년초과,5
교통사고 처리특례법,동종재범,3년초과,6197
국가기술자격법,동종재범,3년초과,1
국가보안법,동종재범,3년초과,6
국민체육진흥법,동종재범,3년초과,16
국토의계획및이용에관한법률,동종재범,3년초과,42
근로기준법,동종재범,3년초과,175
근로자퇴직급여보장법,동종재범,3년초과,31
낚시관리및육성법,동종재범,3년초과,6
노동조합 및 노동관계조정법,동종재범,3년초과,2
농수산물유통 및 가격안정에 관한법률,동종재범,3년초과,3
농수산물의원산지표시에관한법률,동종재범,3년초과,40
농지법,동종재범,3년초과,20
대기환경보전법,동종재범,3년초과,49
대부업등의등록및금융이용자보호에관한법률,동종재범,3년초과,119
도로교통법,동종재범,3년초과,629
도로교통법(무면허운전),동종재범,3년초과,2968
도로교통법(사고후미조치),동종재범,3년초과,673
도로교통법(음주운전),동종재범,3년초과,37257
도로교통법(음주측정거부),동종재범,3년초과,595
도로법,동종재범,3년초과,235
도시및주거환경정비법,동종재범,3년초과,6
독점규제 및 공정거래에 관한법률,동종재범,3년초과,0
디자인보호법,동종재범,3년초과,2
마약류관리에 관한 법률(대마),동종재범,3년초과,55
마약류관리에 관한 법률(마약),동종재범,3년초과,15
마약류관리에 관한 법률(향정),동종재범,3년초과,494
물환경보전법,동종재범,3년초과,13
배타적경제수역에서의 외국인어업등에 관한 주권적권리의 행사에 관한법률,동종재범,3년초과,9
범죄수익은닉의 규제 및 처벌 등에 관한법률,동종재범,3년초과,2
변호사법,동종재범,3년초과,11
병역법,동종재범,3년초과,71
보조금관리에관한법률,동종재범,3년초과,9
부동산 실권리자 명의등기에 관한법률,동종재범,3년초과,11
부정경쟁방지 및 영업비밀보호에 관한법률,동종재범,3년초과,5
부정수표단속법,동종재범,3년초과,22
사행행위 등 규제 및 처벌특례법,동종재범,3년초과,28
산림자원의조성및관리에관한법률,동종재범,3년초과,9
산업안전보건법,동종재범,3년초과,64
산지관리법,동종재범,3년초과,28
상표법,동종재범,3년초과,175
석유및석유대체연료사업법,동종재범,3년초과,54
선박안전법,동종재범,3년초과,11
선박직원법,동종재범,3년초과,8
성매매알선등행위의처벌에관한법률,동종재범,3년초과,627
수도법,동종재범,3년초과,0
수산업법,동종재범,3년초과,95
수산자원관리법,동종재범,3년초과,90
식품위생법,동종재범,3년초과,649
신용정보의 이용 및 보호에 관한법률,동종재범,3년초과,2
아동·청소년의성보호에관한법률(성매수등),동종재범,3년초과,36
아동·청소년의성보호에관한법률(음란물등),동종재범,3년초과,5
아동복지법,동종재범,3년초과,18
액화석유가스의 안전관리 및 사업법,동종재범,3년초과,9
약사법,동종재범,3년초과,142
여객자동차운수사업법,동종재범,3년초과,131
여신전문금융업법,동종재범,3년초과,29
영유아보육법,동종재범,3년초과,5
예비군법,동종재범,3년초과,200
옥외광고물등의 관리와 옥외광고산업진흥에 관한법률,동종재범,3년초과,17
외국환거래법,동종재범,3년초과,9
위험물안전관리법,동종재범,3년초과,1
유사 수신행위의 규제에 관한법률,동종재범,3년초과,137
의료기기법,동종재범,3년초과,8
의료법,동종재범,3년초과,180
자동차관리법,동종재범,3년초과,397
자동차손해배상보장법,동종재범,3년초과,409
자본시장과금융투자업에관한법률,동종재범,3년초과,0
저작권법,동종재범,3년초과,60
전자금융거래법,동종재범,3년초과,249
전파법,동종재범,3년초과,5
정보통신망이용촉진 및 정보보호 등에 관한법률,동종재범,3년초과,113
조세범 처벌법,동종재범,3년초과,38
주민등록법,동종재범,3년초과,19
주차장법,동종재범,3년초과,13
주택법,동종재범,3년초과,17
직업안정법,동종재범,3년초과,34
집회 및 시위에 관한법률,동종재범,3년초과,35
청소년보호법,동종재범,3년초과,318
총포·도검·화약류등의 안전관리에 관한법률,동종재범,3년초과,4
최저임금법,동종재범,3년초과,3
축산물위생관리법,동종재범,3년초과,60
출입국관리법,동종재범,3년초과,38
통신비밀보호법,동종재범,3년초과,2
특가법(도주차량),동종재범,3년초과,257
특허법,동종재범,3년초과,0
폐기물관리법,동종재범,3년초과,41
풍속영업의 규제에 관한법률,동종재범,3년초과,21
하천법,동종재범,3년초과,2
학교보건법,동종재범,3년초과,0
학원의설립운영및과외교습에관한법률,동종재범,3년초과,7
화물자동차운수사업법,동종재범,3년초과,75
화재예방·소방시설설치유지 및 안전관리에 관한법률,동종재범,3년초과,0
화학물질관리법,동종재범,3년초과,22
기타 특별법,동종재범,3년초과,3095
절도,이종재범,1개월이내,1306
장물,이종재범,1개월이내,38
사기,이종재범,1개월이내,1196
횡령,이종재범,1개월이내,203
배임,이종재범,1개월이내,12
손괴,이종재범,1개월이내,329
살인,이종재범,1개월이내,7
강도,이종재범,1개월이내,32
방화,이종재범,1개월이내,29
성폭력,이종재범,1개월이내,259
폭행,이종재범,1개월이내,882
상해,이종재범,1개월이내,502
협박,이종재범,1개월이내,159
공갈,이종재범,1개월이내,105
약취와 유인,이종재범,1개월이내,2
체포와 감금,이종재범,1개월이내,22
"폭력행위등(손괴,강요,주거침입등)",이종재범,1개월이내,28
폭력행위 등(단체 등의 구성ㆍ활동),이종재범,1개월이내,1
통화,이종재범,1개월이내,0
유가증권ㆍ인지ㆍ우표,이종재범,1개월이내,0
문서,이종재범,1개월이내,108
인장,이종재범,1개월이내,6
직무유기,이종재범,1개월이내,0
직권남용,이종재범,1개월이내,0
수뢰,이종재범,1개월이내,5
증뢰,이종재범,1개월이내,1
도박과 복표,이종재범,1개월이내,130
신앙,이종재범,1개월이내,0
기타 음란행위,이종재범,1개월이내,28
과실치사상,이종재범,1개월이내,12
업무상 과실치사상,이종재범,1개월이내,14
실화,이종재범,1개월이내,18
명예,이종재범,1개월이내,138
권리행사 방해,이종재범,1개월이내,46
신용업무 경매,이종재범,1개월이내,245
주거 침입,이종재범,1개월이내,112
비밀침해,이종재범,1개월이내,0
유기,이종재범,1개월이내,0
교통방해,이종재범,1개월이내,12
공무방해,이종재범,1개월이내,118
도주와 범인 은닉,이종재범,1개월이내,6
위증과 증거인멸,이종재범,1개월이내,3
무고,이종재범,1개월이내,16
공안을 해하는 죄,이종재범,1개월이내,1
음용수에 관한 죄,이종재범,1개월이내,0
일수와 수리에 관한 죄,이종재범,1개월이내,0
기타,이종재범,1개월이내,1
가정폭력범죄의 처벌 등에 관한 특례법,이종재범,1개월이내,3
가축분뇨의관리및이용에관한법률,이종재범,1개월이내,3
감염병의예방및관리에관한법률,이종재범,1개월이내,0
개발제한구역의 지정 및 관리에 관한 특별조치법,이종재범,1개월이내,3
개인정보보호법,이종재범,1개월이내,3
건강기능식품에관한법률,이종재범,1개월이내,1
건설기계 관리법,이종재범,1개월이내,1
건설산업 기본법,이종재범,1개월이내,10
건축법,이종재범,1개월이내,14
게임산업진흥에관한법률,이종재범,1개월이내,26
결혼중개업의관리에관한법률,이종재범,1개월이내,0
경범죄처벌법,이종재범,1개월이내,86
고용보험법,이종재범,1개월이내,10
공유수면관리및매립에관한법률,이종재범,1개월이내,1
공유재산및물품관리법,이종재범,1개월이내,0
공인중개사법,이종재범,1개월이내,0
공중위생관리법,이종재범,1개월이내,1
공직선거법,이종재범,1개월이내,3
관세법,이종재범,1개월이내,0
교통사고 처리특례법,이종재범,1개월이내,290
국가기술자격법,이종재범,1개월이내,0
국가보안법,이종재범,1개월이내,0
국민체육진흥법,이종재범,1개월이내,8
국토의계획및이용에관한법률,이종재범,1개월이내,11
근로기준법,이종재범,1개월이내,18
근로자퇴직급여보장법,이종재범,1개월이내,5
낚시관리및육성법,이종재범,1개월이내,2
노동조합 및 노동관계조정법,이종재범,1개월이내,0
농수산물유통 및 가격안정에 관한법률,이종재범,1개월이내,0
농수산물의원산지표시에관한법률,이종재범,1개월이내,3
농지법,이종재범,1개월이내,2
대기환경보전법,이종재범,1개월이내,8
대부업등의등록및금융이용자보호에관한법률,이종재범,1개월이내,19
도로교통법,이종재범,1개월이내,91
도로교통법(무면허운전),이종재범,1개월이내,422
도로교통법(사고후미조치),이종재범,1개월이내,82
도로교통법(음주운전),이종재범,1개월이내,482
도로교통법(음주측정거부),이종재범,1개월이내,9
도로법,이종재범,1개월이내,11
도시및주거환경정비법,이종재범,1개월이내,1
독점규제 및 공정거래에 관한법률,이종재범,1개월이내,0
디자인보호법,이종재범,1개월이내,1
마약류관리에 관한 법률(대마),이종재범,1개월이내,5
마약류관리에 관한 법률(마약),이종재범,1개월이내,2
마약류관리에 관한 법률(향정),이종재범,1개월이내,31
물환경보전법,이종재범,1개월이내,2
배타적경제수역에서의 외국인어업등에 관한 주권적권리의 행사에 관한법률,이종재범,1개월이내,0
범죄수익은닉의 규제 및 처벌 등에 관한법률,이종재범,1개월이내,2
변호사법,이종재범,1개월이내,1
병역법,이종재범,1개월이내,36
보조금관리에관한법률,이종재범,1개월이내,7
부동산 실권리자 명의등기에 관한법률,이종재범,1개월이내,6
부정경쟁방지 및 영업비밀보호에 관한법률,이종재범,1개월이내,0
부정수표단속법,이종재범,1개월이내,2
사행행위 등 규제 및 처벌특례법,이종재범,1개월이내,2
산림자원의조성및관리에관한법률,이종재범,1개월이내,0
산업안전보건법,이종재범,1개월이내,2
산지관리법,이종재범,1개월이내,6
상표법,이종재범,1개월이내,11
석유및석유대체연료사업법,이종재범,1개월이내,0
선박안전법,이종재범,1개월이내,3
선박직원법,이종재범,1개월이내,0
성매매알선등행위의처벌에관한법률,이종재범,1개월이내,72
수도법,이종재범,1개월이내,0
수산업법,이종재범,1개월이내,4
수산자원관리법,이종재범,1개월이내,3
식품위생법,이종재범,1개월이내,21
신용정보의 이용 및 보호에 관한법률,이종재범,1개월이내,0
아동·청소년의성보호에관한법률(성매수등),이종재범,1개월이내,22
아동·청소년의성보호에관한법률(음란물등),이종재범,1개월이내,0
아동복지법,이종재범,1개월이내,26
액화석유가스의 안전관리 및 사업법,이종재범,1개월이내,1
약사법,이종재범,1개월이내,5
여객자동차운수사업법,이종재범,1개월이내,13
여신전문금융업법,이종재범,1개월이내,22
영유아보육법,이종재범,1개월이내,0
예비군법,이종재범,1개월이내,48
옥외광고물등의 관리와 옥외광고산업진흥에 관한법률,이종재범,1개월이내,3
외국환거래법,이종재범,1개월이내,3
위험물안전관리법,이종재범,1개월이내,1
유사 수신행위의 규제에 관한법률,이종재범,1개월이내,12
의료기기법,이종재범,1개월이내,2
의료법,이종재범,1개월이내,14
자동차관리법,이종재범,1개월이내,85
자동차손해배상보장법,이종재범,1개월이내,128
자본시장과금융투자업에관한법률,이종재범,1개월이내,2
저작권법,이종재범,1개월이내,15
전자금융거래법,이종재범,1개월이내,123
전파법,이종재범,1개월이내,0
정보통신망이용촉진 및 정보보호 등에 관한법률,이종재범,1개월이내,70
조세범 처벌법,이종재범,1개월이내,30
주민등록법,이종재범,1개월이내,27
주차장법,이종재범,1개월이내,8
주택법,이종재범,1개월이내,3
직업안정법,이종재범,1개월이내,1
집회 및 시위에 관한법률,이종재범,1개월이내,1
청소년보호법,이종재범,1개월이내,22
총포·도검·화약류등의 안전관리에 관한법률,이종재범,1개월이내,1
최저임금법,이종재범,1개월이내,0
축산물위생관리법,이종재범,1개월이내,2
출입국관리법,이종재범,1개월이내,14
통신비밀보호법,이종재범,1개월이내,0
특가법(도주차량),이종재범,1개월이내,34
특허법,이종재범,1개월이내,0
폐기물관리법,이종재범,1개월이내,11
풍속영업의 규제에 관한법률,이종재범,1개월이내,1
하천법,이종재범,1개월이내,2
학교보건법,이종재범,1개월이내,0
학원의설립운영및과외교습에관한법률,이종재범,1개월이내,1
화물자동차운수사업법,이종재범,1개월이내,8
화재예방·소방시설설치유지 및 안전관리에 관한법률,이종재범,1개월이내,0
화학물질관리법,이종재범,1개월이내,14
기타 특별법,이종재범,1개월이내,237
절도,이종재범,3개월이내,1878
장물,이종재범,3개월이내,62
사기,이종재범,3개월이내,1928
횡령,이종재범,3개월이내,308
배임,이종재범,3개월이내,27
손괴,이종재범,3개월이내,669
살인,이종재범,3개월이내,13
강도,이종재범,3개월이내,51
방화,이종재범,3개월이내,41
성폭력,이종재범,3개월이내,424
폭행,이종재범,3개월이내,2037
상해,이종재범,3개월이내,1135
협박,이종재범,3개월이내,291
공갈,이종재범,3개월이내,176
약취와 유인,이종재범,3개월이내,8
체포와 감금,이종재범,3개월이내,53
"폭력행위등(손괴,강요,주거침입등)",이종재범,3개월이내,41
폭력행위 등(단체 등의 구성ㆍ활동),이종재범,3개월이내,13
통화,이종재범,3개월이내,2
유가증권ㆍ인지ㆍ우표,이종재범,3개월이내,2
문서,이종재범,3개월이내,142
인장,이종재범,3개월이내,6
직무유기,이종재범,3개월이내,0
직권남용,이종재범,3개월이내,0
수뢰,이종재범,3개월이내,2
증뢰,이종재범,3개월이내,2
도박과 복표,이종재범,3개월이내,222
신앙,이종재범,3개월이내,3
기타 음란행위,이종재범,3개월이내,60
과실치사상,이종재범,3개월이내,17
업무상 과실치사상,이종재범,3개월이내,45
실화,이종재범,3개월이내,19
명예,이종재범,3개월이내,215
권리행사 방해,이종재범,3개월이내,101
신용업무 경매,이종재범,3개월이내,453
주거 침입,이종재범,3개월이내,204
비밀침해,이종재범,3개월이내,0
유기,이종재범,3개월이내,1
교통방해,이종재범,3개월이내,17
공무방해,이종재범,3개월이내,289
도주와 범인 은닉,이종재범,3개월이내,10
위증과 증거인멸,이종재범,3개월이내,9
무고,이종재범,3개월이내,24
공안을 해하는 죄,이종재범,3개월이내,1
음용수에 관한 죄,이종재범,3개월이내,0
일수와 수리에 관한 죄,이종재범,3개월이내,0
기타,이종재범,3개월이내,2
가정폭력범죄의 처벌 등에 관한 특례법,이종재범,3개월이내,18
가축분뇨의관리및이용에관한법률,이종재범,3개월이내,7
감염병의예방및관리에관한법률,이종재범,3개월이내,2
개발제한구역의 지정 및 관리에 관한 특별조치법,이종재범,3개월이내,8
개인정보보호법,이종재범,3개월이내,10
건강기능식품에관한법률,이종재범,3개월이내,0
건설기계 관리법,이종재범,3개월이내,2
건설산업 기본법,이종재범,3개월이내,33
건축법,이종재범,3개월이내,32
게임산업진흥에관한법률,이종재범,3개월이내,56
결혼중개업의관리에관한법률,이종재범,3개월이내,0
경범죄처벌법,이종재범,3개월이내,177
고용보험법,이종재범,3개월이내,8
공유수면관리및매립에관한법률,이종재범,3개월이내,3
공유재산및물품관리법,이종재범,3개월이내,1
공인중개사법,이종재범,3개월이내,1
공중위생관리법,이종재범,3개월이내,6
공직선거법,이종재범,3개월이내,6
관세법,이종재범,3개월이내,0
교통사고 처리특례법,이종재범,3개월이내,536
국가기술자격법,이종재범,3개월이내,2
국가보안법,이종재범,3개월이내,1
국민체육진흥법,이종재범,3개월이내,11
국토의계획및이용에관한법률,이종재범,3개월이내,15
근로기준법,이종재범,3개월이내,57
근로자퇴직급여보장법,이종재범,3개월이내,10
낚시관리및육성법,이종재범,3개월이내,3
노동조합 및 노동관계조정법,이종재범,3개월이내,0
농수산물유통 및 가격안정에 관한법률,이종재범,3개월이내,1
농수산물의원산지표시에관한법률,이종재범,3개월이내,5
농지법,이종재범,3개월이내,7
대기환경보전법,이종재범,3개월이내,14
대부업등의등록및금융이용자보호에관한법률,이종재범,3개월이내,37
도로교통법,이종재범,3개월이내,167
도로교통법(무면허운전),이종재범,3개월이내,1722
도로교통법(사고후미조치),이종재범,3개월이내,135
도로교통법(음주운전),이종재범,3개월이내,1118
도로교통법(음주측정거부),이종재범,3개월이내,24
도로법,이종재범,3개월이내,13
도시및주거환경정비법,이종재범,3개월이내,2
독점규제 및 공정거래에 관한법률,이종재범,3개월이내,0
디자인보호법,이종재범,3개월이내,0
마약류관리에 관한 법률(대마),이종재범,3개월이내,11
마약류관리에 관한 법률(마약),이종재범,3개월이내,1
마약류관리에 관한 법률(향정),이종재범,3개월이내,59
물환경보전법,이종재범,3개월이내,3
배타적경제수역에서의 외국인어업등에 관한 주권적권리의 행사에 관한법률,이종재범,3개월이내,0
범죄수익은닉의 규제 및 처벌 등에 관한법률,이종재범,3개월이내,0
변호사법,이종재범,3개월이내,2
병역법,이종재범,3개월이내,95
보조금관리에관한법률,이종재범,3개월이내,5
부동산 실권리자 명의등기에 관한법률,이종재범,3개월이내,2
부정경쟁방지 및 영업비밀보호에 관한법률,이종재범,3개월이내,3
부정수표단속법,이종재범,3개월이내,4
사행행위 등 규제 및 처벌특례법,이종재범,3개월이내,6
산림자원의조성및관리에관한법률,이종재범,3개월이내,1
산업안전보건법,이종재범,3개월이내,7
산지관리법,이종재범,3개월이내,12
상표법,이종재범,3개월이내,10
석유및석유대체연료사업법,이종재범,3개월이내,7
선박안전법,이종재범,3개월이내,7
선박직원법,이종재범,3개월이내,3
성매매알선등행위의처벌에관한법률,이종재범,3개월이내,163
수도법,이종재범,3개월이내,1
수산업법,이종재범,3개월이내,4
수산자원관리법,이종재범,3개월이내,8
식품위생법,이종재범,3개월이내,44
신용정보의 이용 및 보호에 관한법률,이종재범,3개월이내,0
아동·청소년의성보호에관한법률(성매수등),이종재범,3개월이내,25
아동·청소년의성보호에관한법률(음란물등),이종재범,3개월이내,2
아동복지법,이종재범,3개월이내,66
액화석유가스의 안전관리 및 사업법,이종재범,3개월이내,1
약사법,이종재범,3개월이내,6
여객자동차운수사업법,이종재범,3개월이내,27
여신전문금융업법,이종재범,3개월이내,31
영유아보육법,이종재범,3개월이내,2
예비군법,이종재범,3개월이내,96
옥외광고물등의 관리와 옥외광고산업진흥에 관한법률,이종재범,3개월이내,3
외국환거래법,이종재범,3개월이내,0
위험물안전관리법,이종재범,3개월이내,1
유사 수신행위의 규제에 관한법률,이종재범,3개월이내,10
의료기기법,이종재범,3개월이내,1
의료법,이종재범,3개월이내,23
자동차관리법,이종재범,3개월이내,215
자동차손해배상보장법,이종재범,3개월이내,249
자본시장과금융투자업에관한법률,이종재범,3개월이내,1
저작권법,이종재범,3개월이내,29
전자금융거래법,이종재범,3개월이내,204
전파법,이종재범,3개월이내,1
정보통신망이용촉진 및 정보보호 등에 관한법률,이종재범,3개월이내,82
조세범 처벌법,이종재범,3개월이내,17
주민등록법,이종재범,3개월이내,46
주차장법,이종재범,3개월이내,3
주택법,이종재범,3개월이내,6
직업안정법,이종재범,3개월이내,12
집회 및 시위에 관한법률,이종재범,3개월이내,5
청소년보호법,이종재범,3개월이내,52
총포·도검·화약류등의 안전관리에 관한법률,이종재범,3개월이내,1
최저임금법,이종재범,3개월이내,1
축산물위생관리법,이종재범,3개월이내,6
출입국관리법,이종재범,3개월이내,29
통신비밀보호법,이종재범,3개월이내,1
특가법(도주차량),이종재범,3개월이내,61
특허법,이종재범,3개월이내,1
폐기물관리법,이종재범,3개월이내,20
풍속영업의 규제에 관한법률,이종재범,3개월이내,2
하천법,이종재범,3개월이내,3
학교보건법,이종재범,3개월이내,1
학원의설립운영및과외교습에관한법률,이종재범,3개월이내,0
화물자동차운수사업법,이종재범,3개월이내,23
화재예방·소방시설설치유지 및 안전관리에 관한법률,이종재범,3개월이내,0
화학물질관리법,이종재범,3개월이내,19
기타 특별법,이종재범,3개월이내,497
절도,이종재범,6개월이내,2039
장물,이종재범,6개월이내,75
사기,이종재범,6개월이내,2274
횡령,이종재범,6개월이내,387
배임,이종재범,6개월이내,43
손괴,이종재범,6개월이내,868
살인,이종재범,6개월이내,24
강도,이종재범,6개월이내,86
방화,이종재범,6개월이내,42
성폭력,이종재범,6개월이내,591
폭행,이종재범,6개월이내,2718
상해,이종재범,6개월이내,1395
협박,이종재범,6개월이내,346
공갈,이종재범,6개월이내,169
약취와 유인,이종재범,6개월이내,8
체포와 감금,이종재범,6개월이내,59
"폭력행위등(손괴,강요,주거침입등)",이종재범,6개월이내,58
폭력행위 등(단체 등의 구성ㆍ활동),이종재범,6개월이내,13
통화,이종재범,6개월이내,5
유가증권ㆍ인지ㆍ우표,이종재범,6개월이내,7
문서,이종재범,6개월이내,158
인장,이종재범,6개월이내,10
직무유기,이종재범,6개월이내,1
직권남용,이종재범,6개월이내,0
수뢰,이종재범,6개월이내,5
증뢰,이종재범,6개월이내,3
도박과 복표,이종재범,6개월이내,321
신앙,이종재범,6개월이내,2
기타 음란행위,이종재범,6개월이내,67
과실치사상,이종재범,6개월이내,24
업무상 과실치사상,이종재범,6개월이내,49
실화,이종재범,6개월이내,30
명예,이종재범,6개월이내,272
권리행사 방해,이종재범,6개월이내,123
신용업무 경매,이종재범,6개월이내,639
주거 침입,이종재범,6개월이내,258
비밀침해,이종재범,6개월이내,0
유기,이종재범,6개월이내,1
교통방해,이종재범,6개월이내,21
공무방해,이종재범,6개월이내,390
도주와 범인 은닉,이종재범,6개월이내,18
위증과 증거인멸,이종재범,6개월이내,7
무고,이종재범,6개월이내,20
공안을 해하는 죄,이종재범,6개월이내,4
음용수에 관한 죄,이종재범,6개월이내,0
일수와 수리에 관한 죄,이종재범,6개월이내,0
기타,이종재범,6개월이내,0
가정폭력범죄의 처벌 등에 관한 특례법,이종재범,6개월이내,13
가축분뇨의관리및이용에관한법률,이종재범,6개월이내,2
감염병의예방및관리에관한법률,이종재범,6개월이내,2
개발제한구역의 지정 및 관리에 관한 특별조치법,이종재범,6개월이내,12
개인정보보호법,이종재범,6개월이내,11
건강기능식품에관한법률,이종재범,6개월이내,7
건설기계 관리법,이종재범,6개월이내,11
건설산업 기본법,이종재범,6개월이내,43
건축법,이종재범,6개월이내,65
게임산업진흥에관한법률,이종재범,6개월이내,77
결혼중개업의관리에관한법률,이종재범,6개월이내,1
경범죄처벌법,이종재범,6개월이내,239
고용보험법,이종재범,6개월이내,19
공유수면관리및매립에관한법률,이종재범,6개월이내,8
공유재산및물품관리법,이종재범,6개월이내,5
공인중개사법,이종재범,6개월이내,3
공중위생관리법,이종재범,6개월이내,12
공직선거법,이종재범,6개월이내,10
관세법,이종재범,6개월이내,2
교통사고 처리특례법,이종재범,6개월이내,810
국가기술자격법,이종재범,6개월이내,1
국가보안법,이종재범,6개월이내,2
국민체육진흥법,이종재범,6개월이내,7
국토의계획및이용에관한법률,이종재범,6개월이내,28
근로기준법,이종재범,6개월이내,85
근로자퇴직급여보장법,이종재범,6개월이내,16
낚시관리및육성법,이종재범,6개월이내,4
노동조합 및 노동관계조정법,이종재범,6개월이내,0
농수산물유통 및 가격안정에 관한법률,이종재범,6개월이내,0
농수산물의원산지표시에관한법률,이종재범,6개월이내,12
농지법,이종재범,6개월이내,11
대기환경보전법,이종재범,6개월이내,17
대부업등의등록및금융이용자보호에관한법률,이종재범,6개월이내,34
도로교통법,이종재범,6개월이내,216
도로교통법(무면허운전),이종재범,6개월이내,2167
도로교통법(사고후미조치),이종재범,6개월이내,161
도로교통법(음주운전),이종재범,6개월이내,1806
도로교통법(음주측정거부),이종재범,6개월이내,51
도로법,이종재범,6개월이내,20
도시및주거환경정비법,이종재범,6개월이내,4
독점규제 및 공정거래에 관한법률,이종재범,6개월이내,0
디자인보호법,이종재범,6개월이내,2
마약류관리에 관한 법률(대마),이종재범,6개월이내,20
마약류관리에 관한 법률(마약),이종재범,6개월이내,7
마약류관리에 관한 법률(향정),이종재범,6개월이내,84
물환경보전법,이종재범,6개월이내,5
배타적경제수역에서의 외국인어업등에 관한 주권적권리의 행사에 관한법률,이종재범,6개월이내,0
범죄수익은닉의 규제 및 처벌 등에 관한법률,이종재범,6개월이내,1
변호사법,이종재범,6개월이내,2
병역법,이종재범,6개월이내,123
보조금관리에관한법률,이종재범,6개월이내,6
부동산 실권리자 명의등기에 관한법률,이종재범,6개월이내,12
부정경쟁방지 및 영업비밀보호에 관한법률,이종재범,6개월이내,1
부정수표단속법,이종재범,6개월이내,9
사행행위 등 규제 및 처벌특례법,이종재범,6개월이내,7
산림자원의조성및관리에관한법률,이종재범,6개월이내,4
산업안전보건법,이종재범,6개월이내,3
산지관리법,이종재범,6개월이내,14
상표법,이종재범,6개월이내,23
석유및석유대체연료사업법,이종재범,6개월이내,11
선박안전법,이종재범,6개월이내,5
선박직원법,이종재범,6개월이내,3
성매매알선등행위의처벌에관한법률,이종재범,6개월이내,243
수도법,이종재범,6개월이내,9
수산업법,이종재범,6개월이내,16
수산자원관리법,이종재범,6개월이내,17
식품위생법,이종재범,6개월이내,78
신용정보의 이용 및 보호에 관한법률,이종재범,6개월이내,1
아동·청소년의성보호에관한법률(성매수등),이종재범,6개월이내,40
아동·청소년의성보호에관한법률(음란물등),이종재범,6개월이내,7
아동복지법,이종재범,6개월이내,72
액화석유가스의 안전관리 및 사업법,이종재범,6개월이내,2
약사법,이종재범,6개월이내,9
여객자동차운수사업법,이종재범,6개월이내,46
여신전문금융업법,이종재범,6개월이내,19
영유아보육법,이종재범,6개월이내,0
예비군법,이종재범,6개월이내,150
옥외광고물등의 관리와 옥외광고산업진흥에 관한법률,이종재범,6개월이내,8
외국환거래법,이종재범,6개월이내,2
위험물안전관리법,이종재범,6개월이내,0
유사 수신행위의 규제에 관한법률,이종재범,6개월이내,9
의료기기법,이종재범,6개월이내,1
의료법,이종재범,6개월이내,37
자동차관리법,이종재범,6개월이내,249
자동차손해배상보장법,이종재범,6개월이내,373
자본시장과금융투자업에관한법률,이종재범,6개월이내,0
저작권법,이종재범,6개월이내,27
전자금융거래법,이종재범,6개월이내,322
전파법,이종재범,6개월이내,2
정보통신망이용촉진 및 정보보호 등에 관한법률,이종재범,6개월이내,94
조세범 처벌법,이종재범,6개월이내,42
주민등록법,이종재범,6개월이내,45
주차장법,이종재범,6개월이내,2
주택법,이종재범,6개월이내,6
직업안정법,이종재범,6개월이내,15
집회 및 시위에 관한법률,이종재범,6개월이내,4
청소년보호법,이종재범,6개월이내,76
총포·도검·화약류등의 안전관리에 관한법률,이종재범,6개월이내,1
최저임금법,이종재범,6개월이내,0
축산물위생관리법,이종재범,6개월이내,7
출입국관리법,이종재범,6개월이내,55
통신비밀보호법,이종재범,6개월이내,1
특가법(도주차량),이종재범,6개월이내,81
특허법,이종재범,6개월이내,1
폐기물관리법,이종재범,6개월이내,26
풍속영업의 규제에 관한법률,이종재범,6개월이내,2
하천법,이종재범,6개월이내,5
학교보건법,이종재범,6개월이내,0
학원의설립운영및과외교습에관한법률,이종재범,6개월이내,1
화물자동차운수사업법,이종재범,6개월이내,19
화재예방·소방시설설치유지 및 안전관리에 관한법률,이종재범,6개월이내,0
화학물질관리법,이종재범,6개월이내,18
기타 특별법,이종재범,6개월이내,707
절도,이종재범,1년이내,5688
장물,이종재범,1년이내,202
사기,이종재범,1년이내,10210
횡령,이종재범,1년이내,1780
배임,이종재범,1년이내,249
손괴,이종재범,1년이내,2989
살인,이종재범,1년이내,86
강도,이종재범,1년이내,168
방화,이종재범,1년이내,116
성폭력,이종재범,1년이내,2038
폭행,이종재범,1년이내,9163
상해,이종재범,1년이내,4983
협박,이종재범,1년이내,1230
공갈,이종재범,1년이내,534
약취와 유인,이종재범,1년이내,25
체포와 감금,이종재범,1년이내,203
"폭력행위등(손괴,강요,주거침입등)",이종재범,1년이내,170
폭력행위 등(단체 등의 구성ㆍ활동),이종재범,1년이내,111
통화,이종재범,1년이내,17
유가증권ㆍ인지ㆍ우표,이종재범,1년이내,18
문서,이종재범,1년이내,733
인장,이종재범,1년이내,33
직무유기,이종재범,1년이내,3
직권남용,이종재범,1년이내,2
수뢰,이종재범,1년이내,34
증뢰,이종재범,1년이내,31
도박과 복표,이종재범,1년이내,1388
신앙,이종재범,1년이내,17
기타 음란행위,이종재범,1년이내,200
과실치사상,이종재범,1년이내,92
업무상 과실치사상,이종재범,1년이내,221
실화,이종재범,1년이내,98
명예,이종재범,1년이내,1282
권리행사 방해,이종재범,1년이내,760
신용업무 경매,이종재범,1년이내,1990
주거 침입,이종재범,1년이내,886
비밀침해,이종재범,1년이내,2
유기,이종재범,1년이내,4
교통방해,이종재범,1년이내,90
공무방해,이종재범,1년이내,1400
도주와 범인 은닉,이종재범,1년이내,57
위증과 증거인멸,이종재범,1년이내,73
무고,이종재범,1년이내,149
공안을 해하는 죄,이종재범,1년이내,24
음용수에 관한 죄,이종재범,1년이내,1
일수와 수리에 관한 죄,이종재범,1년이내,2
기타,이종재범,1년이내,4
가정폭력범죄의 처벌 등에 관한 특례법,이종재범,1년이내,26
가축분뇨의관리및이용에관한법률,이종재범,1년이내,30
감염병의예방및관리에관한법률,이종재범,1년이내,12
개발제한구역의 지정 및 관리에 관한 특별조치법,이종재범,1년이내,69
개인정보보호법,이종재범,1년이내,41
건강기능식품에관한법률,이종재범,1년이내,25
건설기계 관리법,이종재범,1년이내,31
건설산업 기본법,이종재범,1년이내,296
건축법,이종재범,1년이내,252
게임산업진흥에관한법률,이종재범,1년이내,387
결혼중개업의관리에관한법률,이종재범,1년이내,5
경범죄처벌법,이종재범,1년이내,842
고용보험법,이종재범,1년이내,163
공유수면관리및매립에관한법률,이종재범,1년이내,31
공유재산및물품관리법,이종재범,1년이내,15
공인중개사법,이종재범,1년이내,46
공중위생관리법,이종재범,1년이내,27
공직선거법,이종재범,1년이내,47
관세법,이종재범,1년이내,5
교통사고 처리특례법,이종재범,1년이내,2922
국가기술자격법,이종재범,1년이내,19
국가보안법,이종재범,1년이내,1
국민체육진흥법,이종재범,1년이내,68
국토의계획및이용에관한법률,이종재범,1년이내,117
근로기준법,이종재범,1년이내,186
근로자퇴직급여보장법,이종재범,1년이내,40
낚시관리및육성법,이종재범,1년이내,16
노동조합 및 노동관계조정법,이종재범,1년이내,2
농수산물유통 및 가격안정에 관한법률,이종재범,1년이내,5
농수산물의원산지표시에관한법률,이종재범,1년이내,19
농지법,이종재범,1년이내,57
대기환경보전법,이종재범,1년이내,120
대부업등의등록및금융이용자보호에관한법률,이종재범,1년이내,217
도로교통법,이종재범,1년이내,894
도로교통법(무면허운전),이종재범,1년이내,6056
도로교통법(사고후미조치),이종재범,1년이내,637
도로교통법(음주운전),이종재범,1년이내,6533
도로교통법(음주측정거부),이종재범,1년이내,169
도로법,이종재범,1년이내,110
도시및주거환경정비법,이종재범,1년이내,14
독점규제 및 공정거래에 관한법률,이종재범,1년이내,0
디자인보호법,이종재범,1년이내,0
마약류관리에 관한 법률(대마),이종재범,1년이내,96
마약류관리에 관한 법률(마약),이종재범,1년이내,27
마약류관리에 관한 법률(향정),이종재범,1년이내,417
물환경보전법,이종재범,1년이내,27
배타적경제수역에서의 외국인어업등에 관한 주권적권리의 행사에 관한법률,이종재범,1년이내,0
범죄수익은닉의 규제 및 처벌 등에 관한법률,이종재범,1년이내,1
변호사법,이종재범,1년이내,18
병역법,이종재범,1년이내,565
보조금관리에관한법률,이종재범,1년이내,62
부동산 실권리자 명의등기에 관한법률,이종재범,1년이내,34
부정경쟁방지 및 영업비밀보호에 관한법률,이종재범,1년이내,13
부정수표단속법,이종재범,1년이내,44
사행행위 등 규제 및 처벌특례법,이종재범,1년이내,39
산림자원의조성및관리에관한법률,이종재범,1년이내,14
산업안전보건법,이종재범,1년이내,24
산지관리법,이종재범,1년이내,49
상표법,이종재범,1년이내,111
석유및석유대체연료사업법,이종재범,1년이내,61
선박안전법,이종재범,1년이내,40
선박직원법,이종재범,1년이내,11
성매매알선등행위의처벌에관한법률,이종재범,1년이내,1032
수도법,이종재범,1년이내,9
수산업법,이종재범,1년이내,70
수산자원관리법,이종재범,1년이내,66
식품위생법,이종재범,1년이내,338
신용정보의 이용 및 보호에 관한법률,이종재범,1년이내,8
아동·청소년의성보호에관한법률(성매수등),이종재범,1년이내,112
아동·청소년의성보호에관한법률(음란물등),이종재범,1년이내,16
아동복지법,이종재범,1년이내,285
액화석유가스의 안전관리 및 사업법,이종재범,1년이내,5
약사법,이종재범,1년이내,33
여객자동차운수사업법,이종재범,1년이내,156
여신전문금융업법,이종재범,1년이내,124
영유아보육법,이종재범,1년이내,11
예비군법,이종재범,1년이내,739
옥외광고물등의 관리와 옥외광고산업진흥에 관한법률,이종재범,1년이내,28
외국환거래법,이종재범,1년이내,10
위험물안전관리법,이종재범,1년이내,6
유사 수신행위의 규제에 관한법률,이종재범,1년이내,91
의료기기법,이종재범,1년이내,21
의료법,이종재범,1년이내,195
자동차관리법,이종재범,1년이내,1254
자동차손해배상보장법,이종재범,1년이내,1341
자본시장과금융투자업에관한법률,이종재범,1년이내,10
저작권법,이종재범,1년이내,179
전자금융거래법,이종재범,1년이내,1392
전파법,이종재범,1년이내,11
정보통신망이용촉진 및 정보보호 등에 관한법률,이종재범,1년이내,463
조세범 처벌법,이종재범,1년이내,282
주민등록법,이종재범,1년이내,139
주차장법,이종재범,1년이내,10
주택법,이종재범,1년이내,69
직업안정법,이종재범,1년이내,56
집회 및 시위에 관한법률,이종재범,1년이내,22
청소년보호법,이종재범,1년이내,283
총포·도검·화약류등의 안전관리에 관한법률,이종재범,1년이내,2
최저임금법,이종재범,1년이내,2
축산물위생관리법,이종재범,1년이내,40
출입국관리법,이종재범,1년이내,179
통신비밀보호법,이종재범,1년이내,9
특가법(도주차량),이종재범,1년이내,317
특허법,이종재범,1년이내,3
폐기물관리법,이종재범,1년이내,107
풍속영업의 규제에 관한법률,이종재범,1년이내,11
하천법,이종재범,1년이내,20
학교보건법,이종재범,1년이내,4
학원의설립운영및과외교습에관한법률,이종재범,1년이내,4
화물자동차운수사업법,이종재범,1년이내,90
화재예방·소방시설설치유지 및 안전관리에 관한법률,이종재범,1년이내,0
화학물질관리법,이종재범,1년이내,50
기타 특별법,이종재범,1년이내,2823
절도,이종재범,2년이내,3573
장물,이종재범,2년이내,123
사기,이종재범,2년이내,5380
횡령,이종재범,2년이내,1021
배임,이종재범,2년이내,144
손괴,이종재범,2년이내,2182
살인,이종재범,2년이내,58
강도,이종재범,2년이내,112
방화,이종재범,2년이내,97
성폭력,이종재범,2년이내,1422
폭행,이종재범,2년이내,7137
상해,이종재범,2년이내,3884
협박,이종재범,2년이내,860
공갈,이종재범,2년이내,248
약취와 유인,이종재범,2년이내,10
체포와 감금,이종재범,2년이내,110
"폭력행위등(손괴,강요,주거침입등)",이종재범,2년이내,123
폭력행위 등(단체 등의 구성ㆍ활동),이종재범,2년이내,50
통화,이종재범,2년이내,13
유가증권ㆍ인지ㆍ우표,이종재범,2년이내,18
문서,이종재범,2년이내,386
인장,이종재범,2년이내,22
직무유기,이종재범,2년이내,1
직권남용,이종재범,2년이내,3
수뢰,이종재범,2년이내,13
증뢰,이종재범,2년이내,15
도박과 복표,이종재범,2년이내,1182
신앙,이종재범,2년이내,8
기타 음란행위,이종재범,2년이내,131
과실치사상,이종재범,2년이내,80
업무상 과실치사상,이종재범,2년이내,177
실화,이종재범,2년이내,99
명예,이종재범,2년이내,882
권리행사 방해,이종재범,2년이내,370
신용업무 경매,이종재범,2년이내,1578
주거 침입,이종재범,2년이내,590
비밀침해,이종재범,2년이내,0
유기,이종재범,2년이내,4
교통방해,이종재범,2년이내,68
공무방해,이종재범,2년이내,1124
도주와 범인 은닉,이종재범,2년이내,30
위증과 증거인멸,이종재범,2년이내,38
무고,이종재범,2년이내,60
공안을 해하는 죄,이종재범,2년이내,25
음용수에 관한 죄,이종재범,2년이내,2
일수와 수리에 관한 죄,이종재범,2년이내,1
기타,이종재범,2년이내,4
가정폭력범죄의 처벌 등에 관한 특례법,이종재범,2년이내,14
가축분뇨의관리및이용에관한법률,이종재범,2년이내,22
감염병의예방및관리에관한법률,이종재범,2년이내,7
개발제한구역의 지정 및 관리에 관한 특별조치법,이종재범,2년이내,46
개인정보보호법,이종재범,2년이내,27
건강기능식품에관한법률,이종재범,2년이내,18
건설기계 관리법,이종재범,2년이내,33
건설산업 기본법,이종재범,2년이내,216
건축법,이종재범,2년이내,158
게임산업진흥에관한법률,이종재범,2년이내,320
결혼중개업의관리에관한법률,이종재범,2년이내,3
경범죄처벌법,이종재범,2년이내,619
고용보험법,이종재범,2년이내,75
공유수면관리및매립에관한법률,이종재범,2년이내,25
공유재산및물품관리법,이종재범,2년이내,6
공인중개사법,이종재범,2년이내,44
공중위생관리법,이종재범,2년이내,38
공직선거법,이종재범,2년이내,26
관세법,이종재범,2년이내,5
교통사고 처리특례법,이종재범,2년이내,2759
국가기술자격법,이종재범,2년이내,8
국가보안법,이종재범,2년이내,0
국민체육진흥법,이종재범,2년이내,32
국토의계획및이용에관한법률,이종재범,2년이내,93
근로기준법,이종재범,2년이내,192
근로자퇴직급여보장법,이종재범,2년이내,38
낚시관리및육성법,이종재범,2년이내,25
노동조합 및 노동관계조정법,이종재범,2년이내,2
농수산물유통 및 가격안정에 관한법률,이종재범,2년이내,2
농수산물의원산지표시에관한법률,이종재범,2년이내,21
농지법,이종재범,2년이내,35
대기환경보전법,이종재범,2년이내,74
대부업등의등록및금융이용자보호에관한법률,이종재범,2년이내,110
도로교통법,이종재범,2년이내,730
도로교통법(무면허운전),이종재범,2년이내,2956
도로교통법(사고후미조치),이종재범,2년이내,584
도로교통법(음주운전),이종재범,2년이내,6118
도로교통법(음주측정거부),이종재범,2년이내,155
도로법,이종재범,2년이내,81
도시및주거환경정비법,이종재범,2년이내,6
독점규제 및 공정거래에 관한법률,이종재범,2년이내,0
디자인보호법,이종재범,2년이내,3
마약류관리에 관한 법률(대마),이종재범,2년이내,50
마약류관리에 관한 법률(마약),이종재범,2년이내,15
마약류관리에 관한 법률(향정),이종재범,2년이내,225
물환경보전법,이종재범,2년이내,17
배타적경제수역에서의 외국인어업등에 관한 주권적권리의 행사에 관한법률,이종재범,2년이내,0
범죄수익은닉의 규제 및 처벌 등에 관한법률,이종재범,2년이내,0
변호사법,이종재범,2년이내,18
병역법,이종재범,2년이내,297
보조금관리에관한법률,이종재범,2년이내,54
부동산 실권리자 명의등기에 관한법률,이종재범,2년이내,25
부정경쟁방지 및 영업비밀보호에 관한법률,이종재범,2년이내,10
부정수표단속법,이종재범,2년이내,24
사행행위 등 규제 및 처벌특례법,이종재범,2년이내,23
산림자원의조성및관리에관한법률,이종재범,2년이내,19
산업안전보건법,이종재범,2년이내,29
산지관리법,이종재범,2년이내,44
상표법,이종재범,2년이내,70
석유및석유대체연료사업법,이종재범,2년이내,52
선박안전법,이종재범,2년이내,18
선박직원법,이종재범,2년이내,24
성매매알선등행위의처벌에관한법률,이종재범,2년이내,783
수도법,이종재범,2년이내,9
수산업법,이종재범,2년이내,64
수산자원관리법,이종재범,2년이내,54
식품위생법,이종재범,2년이내,269
신용정보의 이용 및 보호에 관한법률,이종재범,2년이내,8
아동·청소년의성보호에관한법률(성매수등),이종재범,2년이내,70
아동·청소년의성보호에관한법률(음란물등),이종재범,2년이내,20
아동복지법,이종재범,2년이내,174
액화석유가스의 안전관리 및 사업법,이종재범,2년이내,11
약사법,이종재범,2년이내,23
여객자동차운수사업법,이종재범,2년이내,128
여신전문금융업법,이종재범,2년이내,90
영유아보육법,이종재범,2년이내,3
예비군법,이종재범,2년이내,410
옥외광고물등의 관리와 옥외광고산업진흥에 관한법률,이종재범,2년이내,24
외국환거래법,이종재범,2년이내,10
위험물안전관리법,이종재범,2년이내,6
유사 수신행위의 규제에 관한법률,이종재범,2년이내,40
의료기기법,이종재범,2년이내,7
의료법,이종재범,2년이내,105
자동차관리법,이종재범,2년이내,934
자동차손해배상보장법,이종재범,2년이내,993
자본시장과금융투자업에관한법률,이종재범,2년이내,5
저작권법,이종재범,2년이내,106
전자금융거래법,이종재범,2년이내,813
전파법,이종재범,2년이내,16
정보통신망이용촉진 및 정보보호 등에 관한법률,이종재범,2년이내,258
조세범 처벌법,이종재범,2년이내,136
주민등록법,이종재범,2년이내,77
주차장법,이종재범,2년이내,12
주택법,이종재범,2년이내,54
직업안정법,이종재범,2년이내,37
집회 및 시위에 관한법률,이종재범,2년이내,21
청소년보호법,이종재범,2년이내,247
총포·도검·화약류등의 안전관리에 관한법률,이종재범,2년이내,2
최저임금법,이종재범,2년이내,0
축산물위생관리법,이종재범,2년이내,40
출입국관리법,이종재범,2년이내,105
통신비밀보호법,이종재범,2년이내,11
특가법(도주차량),이종재범,2년이내,240
특허법,이종재범,2년이내,5
폐기물관리법,이종재범,2년이내,80
풍속영업의 규제에 관한법률,이종재범,2년이내,6
하천법,이종재범,2년이내,15
학교보건법,이종재범,2년이내,5
학원의설립운영및과외교습에관한법률,이종재범,2년이내,7
화물자동차운수사업법,이종재범,2년이내,116
화재예방·소방시설설치유지 및 안전관리에 관한법률,이종재범,2년이내,0
화학물질관리법,이종재범,2년이내,15
기타 특별법,이종재범,2년이내,2042
절도,이종재범,3년이내,3546
장물,이종재범,3년이내,180
사기,이종재범,3년이내,6453
횡령,이종재범,3년이내,1245
배임,이종재범,3년이내,203
손괴,이종재범,3년이내,2178
살인,이종재범,3년이내,49
강도,이종재범,3년이내,99
방화,이종재범,3년이내,88
성폭력,이종재범,3년이내,1482
폭행,이종재범,3년이내,7385
상해,이종재범,3년이내,3822
협박,이종재범,3년이내,921
공갈,이종재범,3년이내,223
약취와 유인,이종재범,3년이내,7
체포와 감금,이종재범,3년이내,119
"폭력행위등(손괴,강요,주거침입등)",이종재범,3년이내,96
폭력행위 등(단체 등의 구성ㆍ활동),이종재범,3년이내,44
통화,이종재범,3년이내,23
유가증권ㆍ인지ㆍ우표,이종재범,3년이내,18
문서,이종재범,3년이내,413
인장,이종재범,3년이내,30
직무유기,이종재범,3년이내,1
직권남용,이종재범,3년이내,1
수뢰,이종재범,3년이내,24
증뢰,이종재범,3년이내,28
도박과 복표,이종재범,3년이내,1282
신앙,이종재범,3년이내,13
기타 음란행위,이종재범,3년이내,129
과실치사상,이종재범,3년이내,83
업무상 과실치사상,이종재범,3년이내,211
실화,이종재범,3년이내,87
명예,이종재범,3년이내,981
권리행사 방해,이종재범,3년이내,551
신용업무 경매,이종재범,3년이내,1752
주거 침입,이종재범,3년이내,540
비밀침해,이종재범,3년이내,3
유기,이종재범,3년이내,6
교통방해,이종재범,3년이내,66
공무방해,이종재범,3년이내,1045
도주와 범인 은닉,이종재범,3년이내,45
위증과 증거인멸,이종재범,3년이내,35
무고,이종재범,3년이내,86
공안을 해하는 죄,이종재범,3년이내,4
음용수에 관한 죄,이종재범,3년이내,0
일수와 수리에 관한 죄,이종재범,3년이내,0
기타,이종재범,3년이내,1
가정폭력범죄의 처벌 등에 관한 특례법,이종재범,3년이내,7
가축분뇨의관리및이용에관한법률,이종재범,3년이내,20
감염병의예방및관리에관한법률,이종재범,3년이내,10
개발제한구역의 지정 및 관리에 관한 특별조치법,이종재범,3년이내,50
개인정보보호법,이종재범,3년이내,41
건강기능식품에관한법률,이종재범,3년이내,24
건설기계 관리법,이종재범,3년이내,40
건설산업 기본법,이종재범,3년이내,257
건축법,이종재범,3년이내,219
게임산업진흥에관한법률,이종재범,3년이내,419
결혼중개업의관리에관한법률,이종재범,3년이내,5
경범죄처벌법,이종재범,3년이내,551
고용보험법,이종재범,3년이내,129
공유수면관리및매립에관한법률,이종재범,3년이내,17
공유재산및물품관리법,이종재범,3년이내,7
공인중개사법,이종재범,3년이내,51
공중위생관리법,이종재범,3년이내,38
공직선거법,이종재범,3년이내,35
관세법,이종재범,3년이내,3
교통사고 처리특례법,이종재범,3년이내,3065
국가기술자격법,이종재범,3년이내,12
국가보안법,이종재범,3년이내,1
국민체육진흥법,이종재범,3년이내,70
국토의계획및이용에관한법률,이종재범,3년이내,102
근로기준법,이종재범,3년이내,160
근로자퇴직급여보장법,이종재범,3년이내,38
낚시관리및육성법,이종재범,3년이내,10
노동조합 및 노동관계조정법,이종재범,3년이내,3
농수산물유통 및 가격안정에 관한법률,이종재범,3년이내,1
농수산물의원산지표시에관한법률,이종재범,3년이내,29
농지법,이종재범,3년이내,40
대기환경보전법,이종재범,3년이내,71
대부업등의등록및금융이용자보호에관한법률,이종재범,3년이내,165
도로교통법,이종재범,3년이내,788
도로교통법(무면허운전),이종재범,3년이내,1988
도로교통법(사고후미조치),이종재범,3년이내,571
도로교통법(음주운전),이종재범,3년이내,6505
도로교통법(음주측정거부),이종재범,3년이내,156
도로법,이종재범,3년이내,122
도시및주거환경정비법,이종재범,3년이내,10
독점규제 및 공정거래에 관한법률,이종재범,3년이내,1
디자인보호법,이종재범,3년이내,3
마약류관리에 관한 법률(대마),이종재범,3년이내,48
마약류관리에 관한 법률(마약),이종재범,3년이내,20
마약류관리에 관한 법률(향정),이종재범,3년이내,245
물환경보전법,이종재범,3년이내,33
배타적경제수역에서의 외국인어업등에 관한 주권적권리의 행사에 관한법률,이종재범,3년이내,0
범죄수익은닉의 규제 및 처벌 등에 관한법률,이종재범,3년이내,3
변호사법,이종재범,3년이내,20
병역법,이종재범,3년이내,296
보조금관리에관한법률,이종재범,3년이내,45
부동산 실권리자 명의등기에 관한법률,이종재범,3년이내,32
부정경쟁방지 및 영업비밀보호에 관한법률,이종재범,3년이내,9
부정수표단속법,이종재범,3년이내,35
사행행위 등 규제 및 처벌특례법,이종재범,3년이내,30
산림자원의조성및관리에관한법률,이종재범,3년이내,9
산업안전보건법,이종재범,3년이내,28
산지관리법,이종재범,3년이내,38
상표법,이종재범,3년이내,117
석유및석유대체연료사업법,이종재범,3년이내,49
선박안전법,이종재범,3년이내,26
선박직원법,이종재범,3년이내,18
성매매알선등행위의처벌에관한법률,이종재범,3년이내,943
수도법,이종재범,3년이내,12
수산업법,이종재범,3년이내,58
수산자원관리법,이종재범,3년이내,60
식품위생법,이종재범,3년이내,310
신용정보의 이용 및 보호에 관한법률,이종재범,3년이내,4
아동·청소년의성보호에관한법률(성매수등),이종재범,3년이내,48
아동·청소년의성보호에관한법률(음란물등),이종재범,3년이내,12
아동복지법,이종재범,3년이내,187
액화석유가스의 안전관리 및 사업법,이종재범,3년이내,4
약사법,이종재범,3년이내,31
여객자동차운수사업법,이종재범,3년이내,155
여신전문금융업법,이종재범,3년이내,84
영유아보육법,이종재범,3년이내,9
예비군법,이종재범,3년이내,417
옥외광고물등의 관리와 옥외광고산업진흥에 관한법률,이종재범,3년이내,33
외국환거래법,이종재범,3년이내,5
위험물안전관리법,이종재범,3년이내,9
유사 수신행위의 규제에 관한법률,이종재범,3년이내,82
의료기기법,이종재범,3년이내,16
의료법,이종재범,3년이내,154
자동차관리법,이종재범,3년이내,1109
자동차손해배상보장법,이종재범,3년이내,1059
자본시장과금융투자업에관한법률,이종재범,3년이내,9
저작권법,이종재범,3년이내,165
전자금융거래법,이종재범,3년이내,1111
전파법,이종재범,3년이내,8
정보통신망이용촉진 및 정보보호 등에 관한법률,이종재범,3년이내,332
조세범 처벌법,이종재범,3년이내,205
주민등록법,이종재범,3년이내,63
주차장법,이종재범,3년이내,14
주택법,이종재범,3년이내,86
직업안정법,이종재범,3년이내,49
집회 및 시위에 관한법률,이종재범,3년이내,28
청소년보호법,이종재범,3년이내,308
총포·도검·화약류등의 안전관리에 관한법률,이종재범,3년이내,0
최저임금법,이종재범,3년이내,0
축산물위생관리법,이종재범,3년이내,60
출입국관리법,이종재범,3년이내,136
통신비밀보호법,이종재범,3년이내,5
특가법(도주차량),이종재범,3년이내,269
특허법,이종재범,3년이내,4
폐기물관리법,이종재범,3년이내,84
풍속영업의 규제에 관한법률,이종재범,3년이내,17
하천법,이종재범,3년이내,19
학교보건법,이종재범,3년이내,4
학원의설립운영및과외교습에관한법률,이종재범,3년이내,5
화물자동차운수사업법,이종재범,3년이내,139
화재예방·소방시설설치유지 및 안전관리에 관한법률,이종재범,3년이내,0
화학물질관리법,이종재범,3년이내,18
기타 특별법,이종재범,3년이내,2239
절도,이종재범,3년초과,16801
장물,이종재범,3년초과,639
사기,이종재범,3년초과,23380
횡령,이종재범,3년초과,5916
배임,이종재범,3년초과,1206
손괴,이종재범,3년초과,9587
살인,이종재범,3년초과,220
강도,이종재범,3년초과,222
방화,이종재범,3년초과,342
성폭력,이종재범,3년초과,6829
폭행,이종재범,3년초과,32462
상해,이종재범,3년초과,16581
협박,이종재범,3년초과,4250
공갈,이종재범,3년초과,677
약취와 유인,이종재범,3년초과,48
체포와 감금,이종재범,3년초과,399
"폭력행위등(손괴,강요,주거침입등)",이종재범,3년초과,459
폭력행위 등(단체 등의 구성ㆍ활동),이종재범,3년초과,63
통화,이종재범,3년초과,47
유가증권ㆍ인지ㆍ우표,이종재범,3년초과,39
문서,이종재범,3년초과,1751
인장,이종재범,3년초과,146
직무유기,이종재범,3년초과,25
직권남용,이종재범,3년초과,45
수뢰,이종재범,3년초과,229
증뢰,이종재범,3년초과,133
도박과 복표,이종재범,3년초과,7653
신앙,이종재범,3년초과,65
기타 음란행위,이종재범,3년초과,568
과실치사상,이종재범,3년초과,520
업무상 과실치사상,이종재범,3년초과,1591
실화,이종재범,3년초과,772
명예,이종재범,3년초과,4753
권리행사 방해,이종재범,3년초과,1837
신용업무 경매,이종재범,3년초과,6531
주거 침입,이종재범,3년초과,2330
비밀침해,이종재범,3년초과,6
유기,이종재범,3년초과,27
교통방해,이종재범,3년초과,468
공무방해,이종재범,3년초과,4227
도주와 범인 은닉,이종재범,3년초과,160
위증과 증거인멸,이종재범,3년초과,232
무고,이종재범,3년초과,292
공안을 해하는 죄,이종재범,3년초과,31
음용수에 관한 죄,이종재범,3년초과,2
일수와 수리에 관한 죄,이종재범,3년초과,1
기타,이종재범,3년초과,3
가정폭력범죄의 처벌 등에 관한 특례법,이종재범,3년초과,45
가축분뇨의관리및이용에관한법률,이종재범,3년초과,208
감염병의예방및관리에관한법률,이종재범,3년초과,70
개발제한구역의 지정 및 관리에 관한 특별조치법,이종재범,3년초과,356
개인정보보호법,이종재범,3년초과,254
건강기능식품에관한법률,이종재범,3년초과,151
건설기계 관리법,이종재범,3년초과,281
건설산업 기본법,이종재범,3년초과,1785
건축법,이종재범,3년초과,1764
게임산업진흥에관한법률,이종재범,3년초과,2362
결혼중개업의관리에관한법률,이종재범,3년초과,21
경범죄처벌법,이종재범,3년초과,1805
고용보험법,이종재범,3년초과,955
공유수면관리및매립에관한법률,이종재범,3년초과,92
공유재산및물품관리법,이종재범,3년초과,41
공인중개사법,이종재범,3년초과,343
공중위생관리법,이종재범,3년초과,188
공직선거법,이종재범,3년초과,201
관세법,이종재범,3년초과,30
교통사고 처리특례법,이종재범,3년초과,22508
국가기술자격법,이종재범,3년초과,105
국가보안법,이종재범,3년초과,18
국민체육진흥법,이종재범,3년초과,184
국토의계획및이용에관한법률,이종재범,3년초과,673
근로기준법,이종재범,3년초과,895
근로자퇴직급여보장법,이종재범,3년초과,265
낚시관리및육성법,이종재범,3년초과,58
노동조합 및 노동관계조정법,이종재범,3년초과,59
농수산물유통 및 가격안정에 관한법률,이종재범,3년초과,13
농수산물의원산지표시에관한법률,이종재범,3년초과,247
농지법,이종재범,3년초과,302
대기환경보전법,이종재범,3년초과,525
대부업등의등록및금융이용자보호에관한법률,이종재범,3년초과,480
도로교통법,이종재범,3년초과,4482
도로교통법(무면허운전),이종재범,3년초과,4883
도로교통법(사고후미조치),이종재범,3년초과,3243
도로교통법(음주운전),이종재범,3년초과,35830
도로교통법(음주측정거부),이종재범,3년초과,608
도로법,이종재범,3년초과,718
도시및주거환경정비법,이종재범,3년초과,118
독점규제 및 공정거래에 관한법률,이종재범,3년초과,0
디자인보호법,이종재범,3년초과,37
마약류관리에 관한 법률(대마),이종재범,3년초과,203
마약류관리에 관한 법률(마약),이종재범,3년초과,313
마약류관리에 관한 법률(향정),이종재범,3년초과,854
물환경보전법,이종재범,3년초과,198
배타적경제수역에서의 외국인어업등에 관한 주권적권리의 행사에 관한법률,이종재범,3년초과,0
범죄수익은닉의 규제 및 처벌 등에 관한법률,이종재범,3년초과,12
변호사법,이종재범,3년초과,84
병역법,이종재범,3년초과,819
보조금관리에관한법률,이종재범,3년초과,564
부동산 실권리자 명의등기에 관한법률,이종재범,3년초과,165
부정경쟁방지 및 영업비밀보호에 관한법률,이종재범,3년초과,150
부정수표단속법,이종재범,3년초과,196
사행행위 등 규제 및 처벌특례법,이종재범,3년초과,178
산림자원의조성및관리에관한법률,이종재범,3년초과,137
산업안전보건법,이종재범,3년초과,282
산지관리법,이종재범,3년초과,352
상표법,이종재범,3년초과,724
석유및석유대체연료사업법,이종재범,3년초과,315
선박안전법,이종재범,3년초과,119
선박직원법,이종재범,3년초과,79
성매매알선등행위의처벌에관한법률,이종재범,3년초과,4220
수도법,이종재범,3년초과,61
수산업법,이종재범,3년초과,302
수산자원관리법,이종재범,3년초과,351
식품위생법,이종재범,3년초과,2009
신용정보의 이용 및 보호에 관한법률,이종재범,3년초과,31
아동·청소년의성보호에관한법률(성매수등),이종재범,3년초과,148
아동·청소년의성보호에관한법률(음란물등),이종재범,3년초과,61
아동복지법,이종재범,3년초과,1052
액화석유가스의 안전관리 및 사업법,이종재범,3년초과,91
약사법,이종재범,3년초과,253
여객자동차운수사업법,이종재범,3년초과,736
여신전문금융업법,이종재범,3년초과,441
영유아보육법,이종재범,3년초과,42
예비군법,이종재범,3년초과,988
옥외광고물등의 관리와 옥외광고산업진흥에 관한법률,이종재범,3년초과,181
외국환거래법,이종재범,3년초과,46
위험물안전관리법,이종재범,3년초과,98
유사 수신행위의 규제에 관한법률,이종재범,3년초과,391
의료기기법,이종재범,3년초과,73
의료법,이종재범,3년초과,917
자동차관리법,이종재범,3년초과,6372
자동차손해배상보장법,이종재범,3년초과,4654
자본시장과금융투자업에관한법률,이종재범,3년초과,42
저작권법,이종재범,3년초과,917
전자금융거래법,이종재범,3년초과,4593
전파법,이종재범,3년초과,57
정보통신망이용촉진 및 정보보호 등에 관한법률,이종재범,3년초과,1311
조세범 처벌법,이종재범,3년초과,697
주민등록법,이종재범,3년초과,259
주차장법,이종재범,3년초과,141
주택법,이종재범,3년초과,451
직업안정법,이종재범,3년초과,210
집회 및 시위에 관한법률,이종재범,3년초과,106
청소년보호법,이종재범,3년초과,2227
총포·도검·화약류등의 안전관리에 관한법률,이종재범,3년초과,12
최저임금법,이종재범,3년초과,11
축산물위생관리법,이종재범,3년초과,334
출입국관리법,이종재범,3년초과,619
통신비밀보호법,이종재범,3년초과,43
특가법(도주차량),이종재범,3년초과,1389
특허법,이종재범,3년초과,29
폐기물관리법,이종재범,3년초과,443
풍속영업의 규제에 관한법률,이종재범,3년초과,63
하천법,이종재범,3년초과,86
학교보건법,이종재범,3년초과,9
학원의설립운영및과외교습에관한법률,이종재범,3년초과,60
화물자동차운수사업법,이종재범,3년초과,1049
화재예방·소방시설설치유지 및 안전관리에 관한법률,이종재범,3년초과,1
화학물질관리법,이종재범,3년초과,36
기타 특별법,이종재범,3년초과,11618
